route_id,agency_id,route_short_name,route_long_name,route_type,service_id,pilot_intersecting_trip_patterns,frequency_records,headway_min_s,headway_max_s,calendar_start,calendar_end,schedule_type
1000007,KMB,215X,LAM TIN (KWONG TIN ESTATE) - KOWLOON STATION (OMIT COOKIE STREET),3,287,8,8,420,900,20200101,20991231,frequency/headway
1000008,KMB,3X,CHINA FERRY TERMINAL - TSZ WAN SHAN (NORTH),3,287,1,1,1800,1800,20200101,20991231,frequency/headway
1000035,KMB,287P,SHUI CHUEN O - YAU MA TEI,3,287,3,0,,,20200101,20991231,specified schedule or no frequency record
1000048,KMB,87E,TSIM SHA TSUI EAST (MODY ROAD) - NAI CHUNG,3,287,1,0,,,20200101,20991231,specified schedule or no frequency record
1000059,KMB,X6C,MEI FOO - HONG KONG CHILDREN’S HOSPITAL,3,287,6,6,1200,1800,20200101,20991231,frequency/headway
1000124,KMB+CTB,106P,SIU SAI WAN (ISLAND RESORT) - WONG TAI SIN (VIA TAI KOO AND NORTH POINT),3,287,2,0,,,20200101,20991231,specified schedule or no frequency record
1000132,KMB+CTB,116,FORTRESS HILL STATION - TSZ WAN SHAN (CENTRAL),3,287,2,0,,,20200101,20991231,specified schedule or no frequency record
1000142,KMB,224X,KAI YIP - TSIM SHA TSUI EAST (CIRCULAR) (OMIT COOKIE STREET),3,287,2,2,1200,1500,20200101,20991231,frequency/headway
1000142,KMB,224X,KAI YIP - TSIM SHA TSUI EAST (CIRCULAR) (OMIT COOKIE STREET),3,288,2,2,1800,1800,20200101,20991231,frequency/headway
1000192,KMB,296D,SHEUNG TAK - KOWLOON STATION (VIA M+),3,287,17,17,900,1800,20200101,20991231,frequency/headway
1000192,KMB,296D,SHEUNG TAK - KOWLOON STATION (VIA M+),3,288,9,9,1200,1800,20200101,20991231,frequency/headway
1000192,KMB,296D,SHEUNG TAK - KOWLOON STATION (VIA M+),3,448,9,9,1200,1800,20200101,20991231,frequency/headway
1000220,KMB,281E,HAIPHONG ROAD TSIM SHA TSUI - KWONG YUEN,3,287,2,0,,,20200101,20991231,specified schedule or no frequency record
1000223,CTB,795X,OSCAR BY THE SEA - SO UK,3,287,12,12,900,1800,20200101,20991231,frequency/headway
1000223,CTB,795X,OSCAR BY THE SEA - SO UK,3,288,9,9,1200,1800,20200101,20991231,frequency/headway
1000223,CTB,795X,OSCAR BY THE SEA - SO UK,3,448,11,11,1200,1800,20200101,20991231,frequency/headway
1000231,KMB,269X,TIN SHUI - HIGH SPEED RAIL WEST KOWLOON STATION,3,287,4,0,,,20200101,20991231,specified schedule or no frequency record
1000236,CTB,973,TSIM SHA TSUI EAST (MODY ROAD) - STANLEY (VIA WEST KOWLOON CULTURAL DISTRICT),3,288,5,4,1800,3600,20200101,20991231,frequency/headway
1000236,CTB,973,TSIM SHA TSUI EAST (MODY ROAD) - STANLEY (VIA WEST KOWLOON CULTURAL DISTRICT),3,448,5,5,1800,3600,20200101,20991231,frequency/headway
1000243,CTB,50,TUEN MUN (CHING TIN AND WO TIN) - TSIM SHA TSUI (KOWLOON STATION),3,287,8,8,1200,1800,20200101,20991231,frequency/headway
1000243,CTB,50,TUEN MUN (CHING TIN AND WO TIN) - TSIM SHA TSUI (KOWLOON STATION),3,480,5,5,1200,1800,20200101,20991231,frequency/headway
1000265,KMB,93P,PO LAM - MONG KOK (PARK AVENUE),3,287,4,0,,,20200101,20991231,specified schedule or no frequency record
1000312,CTB,790,OSCAR BY THE SEA - TSIM SHA TSUI (MODY ROAD),3,287,2,2,1200,1800,20200101,20991231,frequency/headway
1000312,CTB,790,OSCAR BY THE SEA - TSIM SHA TSUI (MODY ROAD),3,480,2,2,1200,1800,20200101,20991231,frequency/headway
1000312,CTB,790,OSCAR BY THE SEA - TSIM SHA TSUI (MODY ROAD),3,511,1,1,1200,1200,20200101,20991231,frequency/headway
1000313,CTB,795,TSEUNG KWAN O INDUSTRIAL ESTATE - CHEUNG SHA WAN (HOI TAT),3,287,6,0,,,20200101,20991231,specified schedule or no frequency record
1000329,KMB,W2,JORDAN (WEST KOWLOON STATION) - KWUN TONG (CIRCULAR),3,511,1,1,1800,1800,20200101,20991231,frequency/headway
1000330,KMB,W2,JORDAN (WEST KOWLOON STATION) - LAGUNA PARK,3,511,2,0,,,20200101,20991231,specified schedule or no frequency record
1000331,KMB,W2,MILLENNIUM CITY - JORDAN (WEST KOWLOON STATION),3,511,2,0,,,20200101,20991231,specified schedule or no frequency record
1000333,KMB,268X,YUET PING HOUSE LONG PING ESTATE - JORDAN (WEST KOWLOON STATION),3,287,1,0,,,20200101,20991231,specified schedule or no frequency record
1000334,KMB,203C,SHAM SHUI PO (TAI HANG TUNG) - TSIM SHA TSUI EAST (MODY ROAD),3,287,11,11,1200,1800,20200101,20991231,frequency/headway
1000334,KMB,203C,SHAM SHUI PO (TAI HANG TUNG) - TSIM SHA TSUI EAST (MODY ROAD),3,288,8,8,1500,1800,20200101,20991231,frequency/headway
1000334,KMB,203C,SHAM SHUI PO (TAI HANG TUNG) - TSIM SHA TSUI EAST (MODY ROAD),3,448,7,7,1500,1800,20200101,20991231,frequency/headway
1000335,KMB,203C,TSIM SHA TSUI EAST (MODY ROAD) - SHAM SHUI PO (TAI HANG TUNG) (OMIT PEONY ROAD AND BEGONIA ROAD),3,287,4,4,1200,1800,20200101,20991231,frequency/headway
1000335,KMB,203C,TSIM SHA TSUI EAST (MODY ROAD) - SHAM SHUI PO (TAI HANG TUNG) (OMIT PEONY ROAD AND BEGONIA ROAD),3,288,3,3,1500,1800,20200101,20991231,frequency/headway
1000337,KMB,17,RICHLAND GARDENS - HO MAN TIN (OI MAN ESTATE),3,287,1,0,,,20200101,20991231,specified schedule or no frequency record
1000360,CTB,A25,KAI TAK - AIRPORT (VIA TSIM SHA TSUI & HZMB HONG KONG PORT),3,287,2,2,1800,3600,20200101,20991231,frequency/headway
1000360,CTB,A25,KAI TAK - AIRPORT (VIA TSIM SHA TSUI & HZMB HONG KONG PORT),3,480,1,1,1800,1800,20200101,20991231,frequency/headway
1000360,CTB,A25,KAI TAK - AIRPORT (VIA TSIM SHA TSUI & HZMB HONG KONG PORT),3,511,1,1,1800,1800,20200101,20991231,frequency/headway
1000368,KMB,241X,TSING YI (CHEUNG CHING ESTATE) - KOWLOON CITY FERRY,3,287,14,14,1200,2100,20200101,20991231,frequency/headway
1000368,KMB,241X,TSING YI (CHEUNG CHING ESTATE) - KOWLOON CITY FERRY,3,288,5,5,1200,2100,20200101,20991231,frequency/headway
1000368,KMB,241X,TSING YI (CHEUNG CHING ESTATE) - KOWLOON CITY FERRY,3,448,4,4,1500,2100,20200101,20991231,frequency/headway
1000368,KMB,241X,TSING YI (CHEUNG CHING ESTATE) - KOWLOON CITY FERRY,3,480,3,3,1500,1800,20200101,20991231,frequency/headway
1000403,CTB,79P,QUEEN'S HILL FANLING - HSR WEST KOWLOON STATION,3,287,4,0,,,20200101,20991231,specified schedule or no frequency record
1000405,CTB,20A,HIGH SPEED RAIL WEST KOWLOON STATION - KAI TAK CRUISE TERMINAL,3,287,14,14,900,1500,20200101,20991231,frequency/headway
1000405,CTB,20A,HIGH SPEED RAIL WEST KOWLOON STATION - KAI TAK CRUISE TERMINAL,3,480,2,2,1200,1200,20200101,20991231,frequency/headway
1000406,CTB,20A,HIGH SPEED RAIL WEST KOWLOON STATION - KAI TAK CRUISE TERMINAL (VIA MUK ON STREET),3,287,2,0,,,20200101,20991231,specified schedule or no frequency record
1000412,KMB,49,CHING FU COURT - TSEUNG KWAN O INDUSTRIAL ESTATE,3,287,4,0,,,20200101,20991231,specified schedule or no frequency record
1000437,CTB,H2K,CENTRAL (STAR FERRY) - WEST KOWLOON CULTURAL (CIRCULAR),3,511,1,1,1800,1800,20200101,20991231,frequency/headway
1000439,KMB,219X,KO LING ROAD - TSIM SHA TSUI (CIRCULAR),3,287,3,0,,,20200101,20991231,specified schedule or no frequency record
1000454,CTB,N50,TUEN MUN (CHING TIN AND WO TIN) - TSIM SHA TSUI (KOWLOON STATION),3,511,4,0,,,20200101,20991231,specified schedule or no frequency record
1000461,KMB,30X,WHAMPOA GARDEN - TSUEN WAN (ALLWAY GARDENS) (VIA CLAGUE GARDEN ESTATE),3,287,3,3,1200,1500,20200101,20991231,frequency/headway
1000461,KMB,30X,WHAMPOA GARDEN - TSUEN WAN (ALLWAY GARDENS) (VIA CLAGUE GARDEN ESTATE),3,288,1,1,1500,1500,20200101,20991231,frequency/headway
1000461,KMB,30X,WHAMPOA GARDEN - TSUEN WAN (ALLWAY GARDENS) (VIA CLAGUE GARDEN ESTATE),3,448,1,1,1500,1500,20200101,20991231,frequency/headway
1000473,KMB,230R,KOWLOON STATION - MA WAN (PAK YAN ROAD),3,287,2,2,3600,3600,20200101,20991231,frequency/headway
1000473,KMB,230R,KOWLOON STATION - MA WAN (PAK YAN ROAD),3,480,9,9,1200,3600,20200101,20991231,frequency/headway
1000522,KMB,271A,FU TIP BUS TERMINUS - TSIM SHA TSUI EAST (MODY ROAD),3,287,2,0,,,20200101,20991231,specified schedule or no frequency record
1000532,KMB,37X,KWAI CHUNG ESTATE - YAU MA TEI,3,287,4,0,,,20200101,20991231,specified schedule or no frequency record
1000542,KMB,HK1,"STAR FERRY - TSIM SHA TSUI,MONG KOK,WONG TAI SIN (CIRCULAR)",3,511,1,1,1800,1800,20200101,20991231,frequency/headway
1000592,KMB,268B,HUNG FUK ESTATE HUNG YUEN ROAD - HUNG HOM (HUNG LUEN ROAD),3,287,1,0,,,20200101,20991231,specified schedule or no frequency record
1000612,KMB,87C,KAM YING COURT - HUNG HOM STATION,3,287,11,11,720,1200,20200101,20991231,frequency/headway
1000612,KMB,87C,KAM YING COURT - HUNG HOM STATION,3,288,4,4,720,960,20200101,20991231,frequency/headway
1000612,KMB,87C,KAM YING COURT - HUNG HOM STATION,3,448,7,7,840,1200,20200101,20991231,frequency/headway
1000621,KMB+CTB,110,SHAU KEI WAN - TSIM SHA TSUI (CIRCULAR) (VIA HSR WEST KOWLOON STATION),3,288,3,3,1200,2100,20200101,20991231,frequency/headway
1000621,KMB+CTB,110,SHAU KEI WAN - TSIM SHA TSUI (CIRCULAR) (VIA HSR WEST KOWLOON STATION),3,448,2,2,1200,1800,20200101,20991231,frequency/headway
1000622,KMB+CTB,110,SHAU KEI WAN - TSIM SHA TSUI EAST (MODY ROAD) (VIA HSR WEST KOWLOON STATION),3,448,2,2,1800,2100,20200101,20991231,frequency/headway
1000626,KMB,HK1,"STAR FERRY - TSIM SHA TSUI,MONG KOK (CIRCULAR) (SPECIAL DEPARTURES)",3,511,1,1,1800,1800,20200101,20991231,frequency/headway
1000633,KMB,213E,ANDERSON - KOWLOON STATION (OMIT KWUN TONG ROAD),3,287,4,0,,,20200101,20991231,specified schedule or no frequency record
1000641,KMB,W4,HIGH SPEED RAIL (WEST KOWLOON STATION) - WKCD ‧ TSIM SHA TSUI ‧ HIGH SPEED RAIL (CIRCULAR),3,480,2,2,1200,1800,20200101,20991231,frequency/headway
1000647,KMB,270E,TSIM SHA TSUI EAST (MODY ROAD) - FANLING (LUEN WO HUI),3,287,1,1,1800,1800,20200101,20991231,frequency/headway
1000647,KMB,270E,TSIM SHA TSUI EAST (MODY ROAD) - FANLING (LUEN WO HUI),3,480,1,1,1800,1800,20200101,20991231,frequency/headway
1000655,CTB,587,GO PARK SAI SHA - TSIM SHA TSUI (MODY ROAD),3,287,2,0,,,20200101,20991231,specified schedule or no frequency record
1000687,CTB,971,ABERDEEN (SHEK PAI WAN) - HOI LAI ESTATE,3,287,18,18,900,1800,20200101,20991231,frequency/headway
1000687,CTB,971,ABERDEEN (SHEK PAI WAN) - HOI LAI ESTATE,3,288,14,14,1200,1800,20200101,20991231,frequency/headway
1000687,CTB,971,ABERDEEN (SHEK PAI WAN) - HOI LAI ESTATE,3,448,13,13,1200,1800,20200101,20991231,frequency/headway
1000688,CTB,795X,OSCAR BY THE SEA - SO UK (VIA IMMIGRATION HEADQUARTERS),3,287,3,0,,,20200101,20991231,specified schedule or no frequency record
1000701,CTB,790,OSCAR BY THE SEA - TSIM SHA TSUI(MODY ROAD) (VIA TSEUNG KWAN O INDUSTRIAL ESTATE),3,287,3,0,,,20200101,20991231,specified schedule or no frequency record
1000705,KMB,17P,SHUN TIN - HO MAN TIN (OI MAN ESTATE),3,287,1,0,,,20200101,20991231,specified schedule or no frequency record
1000706,KMB,11,TSZ WAN SHAN (CENTRAL) - KOWLOON STATION,3,287,17,17,600,1800,20200101,20991231,frequency/headway
1000706,KMB,11,TSZ WAN SHAN (CENTRAL) - KOWLOON STATION,3,288,10,10,900,1800,20200101,20991231,frequency/headway
1000706,KMB,11,TSZ WAN SHAN (CENTRAL) - KOWLOON STATION,3,448,11,11,900,1800,20200101,20991231,frequency/headway
1000707,KMB,11,KOWLOON STATION - TSZ WAN SHAN (CENTRAL) (SPECIAL DEPARTURE),3,287,2,2,1200,1500,20200101,20991231,frequency/headway
1000710,KMB,213E,ANDERSON - KOWLOON STATION,3,287,6,6,1200,1800,20200101,20991231,frequency/headway
1000710,KMB,213E,ANDERSON - KOWLOON STATION,3,480,2,2,1200,1200,20200101,20991231,frequency/headway
1001,KMB,1,CHUK YUEN ESTATE - STAR FERRY,3,287,19,19,540,1500,20200101,20991231,frequency/headway
1001,KMB,1,CHUK YUEN ESTATE - STAR FERRY,3,288,18,18,600,1800,20200101,20991231,frequency/headway
1001,KMB,1,CHUK YUEN ESTATE - STAR FERRY,3,448,18,18,600,1500,20200101,20991231,frequency/headway
1006,KMB+CTB,102P,SHAU KEI WAN - MEI FOO,3,287,11,0,,,20200101,20991231,specified schedule or no frequency record
1008,KMB+CTB,103,CHUK YUEN ESTATE - POKFIELD RD,3,287,34,34,900,1800,20200101,20991231,frequency/headway
1008,KMB+CTB,103,CHUK YUEN ESTATE - POKFIELD RD,3,288,13,13,1200,1500,20200101,20991231,frequency/headway
1008,KMB+CTB,103,CHUK YUEN ESTATE - POKFIELD RD,3,448,43,43,840,1800,20200101,20991231,frequency/headway
1010,KMB+CTB,106,WONG TAI SIN - SIU SAI WAN (ISLAND RESORT),3,287,54,54,360,1740,20200101,20991231,frequency/headway
1010,KMB+CTB,106,WONG TAI SIN - SIU SAI WAN (ISLAND RESORT),3,288,39,39,420,1740,20200101,20991231,frequency/headway
1010,KMB+CTB,106,WONG TAI SIN - SIU SAI WAN (ISLAND RESORT),3,448,54,54,480,1500,20200101,20991231,frequency/headway
1014,KMB,108,KAI YIP - BRAEMAR HILL,3,287,16,16,600,1500,20200101,20991231,frequency/headway
1014,KMB,108,KAI YIP - BRAEMAR HILL,3,288,16,16,720,1800,20200101,20991231,frequency/headway
1014,KMB,108,KAI YIP - BRAEMAR HILL,3,448,13,13,900,1800,20200101,20991231,frequency/headway
1015,KMB+CTB,109,HO MAN TIN - CENTRAL (MACAU FERRY),3,287,33,33,480,1800,20200101,20991231,frequency/headway
1015,KMB+CTB,109,HO MAN TIN - CENTRAL (MACAU FERRY),3,288,19,19,1620,1800,20200101,20991231,frequency/headway
1015,KMB+CTB,109,HO MAN TIN - CENTRAL (MACAU FERRY),3,448,6,6,1560,1800,20200101,20991231,frequency/headway
1016,KMB,11,DIAMOND HILL STATION - KOWLOON STATION (SPECIAL DEPARTURE),3,287,3,3,900,1200,20200101,20991231,frequency/headway
1017,KMB+CTB,110,SHAU KEI WAN - TSIM SHA TSUI (CIRCULAR),3,287,13,13,840,1800,20200101,20991231,frequency/headway
1017,KMB+CTB,110,SHAU KEI WAN - TSIM SHA TSUI (CIRCULAR),3,288,5,5,1200,1800,20200101,20991231,frequency/headway
1017,KMB+CTB,110,SHAU KEI WAN - TSIM SHA TSUI (CIRCULAR),3,448,6,6,1500,1800,20200101,20991231,frequency/headway
1019,KMB+CTB,112,NORTH POINT - SO UK,3,287,61,61,300,1800,20200101,20991231,frequency/headway
1019,KMB+CTB,112,NORTH POINT - SO UK,3,288,73,73,300,1800,20200101,20991231,frequency/headway
1019,KMB+CTB,112,NORTH POINT - SO UK,3,448,56,56,300,1800,20200101,20991231,frequency/headway
1021,KMB+CTB,115,KOWLOON CITY FERRY - CENTRAL (MACAO FERRY),3,287,31,31,540,1800,20200101,20991231,frequency/headway
1021,KMB+CTB,115,KOWLOON CITY FERRY - CENTRAL (MACAO FERRY),3,288,38,38,900,1800,20200101,20991231,frequency/headway
1021,KMB+CTB,115,KOWLOON CITY FERRY - CENTRAL (MACAO FERRY),3,448,18,18,1200,1800,20200101,20991231,frequency/headway
1022,KMB+CTB,115P,LAGUNA VERDE - CENTRAL (MACAO FERRY),3,31,2,0,,,20200101,20991231,specified schedule or no frequency record
1023,KMB+CTB,116,TSZ WAN SHAN (CENTRAL) - QUARRY BAY,3,287,75,75,240,1200,20200101,20991231,frequency/headway
1023,KMB+CTB,116,TSZ WAN SHAN (CENTRAL) - QUARRY BAY,3,288,94,94,240,1200,20200101,20991231,frequency/headway
1023,KMB+CTB,116,TSZ WAN SHAN (CENTRAL) - QUARRY BAY,3,448,81,81,300,1200,20200101,20991231,frequency/headway
1024,KMB+CTB,117,SHAM SHUI PO (YEN CHOW ST) - HAPPY VALLEY (LOWER),3,287,54,54,960,1380,20200101,20991231,frequency/headway
1024,KMB+CTB,117,SHAM SHUI PO (YEN CHOW ST) - HAPPY VALLEY (LOWER),3,288,54,54,1200,1380,20200101,20991231,frequency/headway
1024,KMB+CTB,117,SHAM SHUI PO (YEN CHOW ST) - HAPPY VALLEY (LOWER),3,448,2,2,1800,1800,20200101,20991231,frequency/headway
1032,KMB,12,HOI LAI ESTATE - TSIM SHA TSUI EAST (MODY ROAD),3,287,9,9,1200,1800,20200101,20991231,frequency/headway
1032,KMB,12,HOI LAI ESTATE - TSIM SHA TSUI EAST (MODY ROAD),3,288,7,7,1500,1800,20200101,20991231,frequency/headway
1032,KMB,12,HOI LAI ESTATE - TSIM SHA TSUI EAST (MODY ROAD),3,448,9,9,1500,1800,20200101,20991231,frequency/headway
1037,KMB,13X,PO TAT - TSIM SHA TSUI EAST,3,287,13,13,600,1800,20200101,20991231,frequency/headway
1037,KMB,13X,PO TAT - TSIM SHA TSUI EAST,3,288,15,15,660,1800,20200101,20991231,frequency/headway
1037,KMB,13X,PO TAT - TSIM SHA TSUI EAST,3,448,13,13,840,1800,20200101,20991231,frequency/headway
1038,KMB,14,LEI YUE MUN ESTATE - CHINA FERRY TERMINAL,3,287,16,16,900,1800,20200101,20991231,frequency/headway
1038,KMB,14,LEI YUE MUN ESTATE - CHINA FERRY TERMINAL,3,288,10,10,900,1800,20200101,20991231,frequency/headway
1038,KMB,14,LEI YUE MUN ESTATE - CHINA FERRY TERMINAL,3,448,15,15,900,1800,20200101,20991231,frequency/headway
1040,KMB,14X,YAU TONG (SHUNG TAK WAI) - TSIM SHA TSUI (CIRCULAR),3,287,9,9,900,1800,20200101,20991231,frequency/headway
1040,KMB,14X,YAU TONG (SHUNG TAK WAI) - TSIM SHA TSUI (CIRCULAR),3,480,1,1,1800,1800,20200101,20991231,frequency/headway
1046,KMB,17,KWUN TONG (YUE MAN SQUARE) - HO MAN TIN (OI MAN ESTATE),3,287,49,49,300,1500,20200101,20991231,frequency/headway
1046,KMB,17,KWUN TONG (YUE MAN SQUARE) - HO MAN TIN (OI MAN ESTATE),3,288,12,12,720,1500,20200101,20991231,frequency/headway
1046,KMB,17,KWUN TONG (YUE MAN SQUARE) - HO MAN TIN (OI MAN ESTATE),3,448,10,10,900,1500,20200101,20991231,frequency/headway
1047,KMB+CTB,170,SHATIN STATION - WAH FU (CENTRAL),3,287,22,22,900,1800,20200101,20991231,frequency/headway
1047,KMB+CTB,170,SHATIN STATION - WAH FU (CENTRAL),3,288,33,33,900,1800,20200101,20991231,frequency/headway
1047,KMB+CTB,170,SHATIN STATION - WAH FU (CENTRAL),3,448,20,20,900,1800,20200101,20991231,frequency/headway
1050,KMB,18,CHEUNG SHA WAN (HOI TAT ESTATE) - OI MAN(CIRCULAR),3,287,3,3,1500,2400,20200101,20991231,frequency/headway
1050,KMB,18,CHEUNG SHA WAN (HOI TAT ESTATE) - OI MAN(CIRCULAR),3,480,3,3,1800,2400,20200101,20991231,frequency/headway
1051,KMB+CTB,182,YU CHUI COURT - CENTRAL (MACAO FERRY),3,287,15,15,900,1800,20200101,20991231,frequency/headway
1051,KMB+CTB,182,YU CHUI COURT - CENTRAL (MACAO FERRY),3,288,7,7,1200,1800,20200101,20991231,frequency/headway
1051,KMB+CTB,182,YU CHUI COURT - CENTRAL (MACAO FERRY),3,448,7,7,1200,1800,20200101,20991231,frequency/headway
1053,KMB,1A,SAU MAU PING (CENTRAL) - STAR FERRY,3,287,120,120,420,1200,20200101,20991231,frequency/headway
1053,KMB,1A,SAU MAU PING (CENTRAL) - STAR FERRY,3,288,51,51,420,1200,20200101,20991231,frequency/headway
1053,KMB,1A,SAU MAU PING (CENTRAL) - STAR FERRY,3,448,40,40,420,1200,20200101,20991231,frequency/headway
1054,KMB,2,STAR FERRY - CHEUNG SHA WAN (SO UK ESTATE),3,287,6,6,1200,1500,20200101,20991231,frequency/headway
1054,KMB,2,STAR FERRY - CHEUNG SHA WAN (SO UK ESTATE),3,288,8,8,900,1500,20200101,20991231,frequency/headway
1054,KMB,2,STAR FERRY - CHEUNG SHA WAN (SO UK ESTATE),3,448,8,8,900,1500,20200101,20991231,frequency/headway
1056,KMB,203E,CHOI HUNG - KOWLOON STATION,3,287,11,11,900,1800,20200101,20991231,frequency/headway
1056,KMB,203E,CHOI HUNG - KOWLOON STATION,3,288,13,13,720,1800,20200101,20991231,frequency/headway
1056,KMB,203E,CHOI HUNG - KOWLOON STATION,3,448,8,8,1200,1800,20200101,20991231,frequency/headway
1057,KMB,208,BROADCAST DRIVE - TSIM SHA TSUI EAST,3,287,5,5,1500,1800,20200101,20991231,frequency/headway
1057,KMB,208,BROADCAST DRIVE - TSIM SHA TSUI EAST,3,288,5,5,1500,1800,20200101,20991231,frequency/headway
1057,KMB,208,BROADCAST DRIVE - TSIM SHA TSUI EAST,3,448,4,4,1500,2100,20200101,20991231,frequency/headway
1061,KMB,215X,LAM TIN (KWONG TIN ESTATE) - KOWLOON STATION,3,287,24,24,360,1800,20200101,20991231,frequency/headway
1061,KMB,215X,LAM TIN (KWONG TIN ESTATE) - KOWLOON STATION,3,288,20,20,360,1800,20200101,20991231,frequency/headway
1061,KMB,215X,LAM TIN (KWONG TIN ESTATE) - KOWLOON STATION,3,448,14,14,480,1500,20200101,20991231,frequency/headway
1064,KMB,219X,LAGUNA CITY - TSIM SHA TSUI(CIRCULAR),3,287,10,10,1080,2400,20200101,20991231,frequency/headway
1064,KMB,219X,LAGUNA CITY - TSIM SHA TSUI(CIRCULAR),3,288,6,6,900,1800,20200101,20991231,frequency/headway
1064,KMB,219X,LAGUNA CITY - TSIM SHA TSUI(CIRCULAR),3,448,5,5,1200,1800,20200101,20991231,frequency/headway
1066,KMB,224X,KAI YIP - TSIM SHA TSUI EAST (CIRCULAR),3,287,6,6,1500,1800,20200101,20991231,frequency/headway
1066,KMB,224X,KAI YIP - TSIM SHA TSUI EAST (CIRCULAR),3,288,4,4,1800,1800,20200101,20991231,frequency/headway
1068,KMB,230X,TSUEN WAN (ALLWAY GARDENS) - WHAMPOA GARDEN,3,287,3,0,,,20200101,20991231,specified schedule or no frequency record
1068,KMB,230X,TSUEN WAN (ALLWAY GARDENS) - WHAMPOA GARDEN,3,288,2,0,,,20200101,20991231,specified schedule or no frequency record
1071,KMB,234P,TSUEN WAN (BAYVIEW GARDEN) - STAR FERRY,3,319,1,0,,,20200101,20991231,specified schedule or no frequency record
1073,KMB,234X,TSIM SHA TSUI EAST (MODY ROAD) - TSUEN WAN (BAYVIEW GARDEN),3,287,12,12,900,1800,20200101,20991231,frequency/headway
1073,KMB,234X,TSIM SHA TSUI EAST (MODY ROAD) - TSUEN WAN (BAYVIEW GARDEN),3,288,13,13,900,1800,20200101,20991231,frequency/headway
1073,KMB,234X,TSIM SHA TSUI EAST (MODY ROAD) - TSUEN WAN (BAYVIEW GARDEN),3,448,13,13,900,1800,20200101,20991231,frequency/headway
1078,KMB,238P,TSUEN WAN (RIVIERA GARDENS) - CHINA FERRY TERMINAL,3,287,4,0,,,20200101,20991231,specified schedule or no frequency record
1078,KMB,238P,TSUEN WAN (RIVIERA GARDENS) - CHINA FERRY TERMINAL,3,288,2,0,,,20200101,20991231,specified schedule or no frequency record
1079,KMB,238X,TSUEN WAN (RIVIERA GARDENS) - CHINA FERRY TERMINAL,3,287,18,18,720,1500,20200101,20991231,frequency/headway
1079,KMB,238X,TSUEN WAN (RIVIERA GARDENS) - CHINA FERRY TERMINAL,3,288,11,11,900,1800,20200101,20991231,frequency/headway
1079,KMB,238X,TSUEN WAN (RIVIERA GARDENS) - CHINA FERRY TERMINAL,3,448,10,10,900,1800,20200101,20991231,frequency/headway
1089,KMB,252B,HIN FAT ESTATE - TSIM SHA TSUI,3,287,3,0,,,20200101,20991231,specified schedule or no frequency record
1089,KMB,252B,HIN FAT ESTATE - TSIM SHA TSUI,3,288,2,0,,,20200101,20991231,specified schedule or no frequency record
1092,KMB,259B,TUEN MUN PIER HEAD - TSIM SHA TSUI,3,287,3,0,,,20200101,20991231,specified schedule or no frequency record
1093,KMB,259C,SUN TUEN MUN CENTRE - TSIM SHA TSUI,3,287,2,0,,,20200101,20991231,specified schedule or no frequency record
1096,KMB,26,SHUN TIN - TSIM SHA TSUI EAST,3,287,18,18,600,1500,20200101,20991231,frequency/headway
1096,KMB,26,SHUN TIN - TSIM SHA TSUI EAST,3,288,51,51,480,1800,20200101,20991231,frequency/headway
1096,KMB,26,SHUN TIN - TSIM SHA TSUI EAST,3,448,22,22,600,1800,20200101,20991231,frequency/headway
1098,KMB,260B,TUEN MUN CENTRAL - TSIM SHA TSUI,3,287,4,0,,,20200101,20991231,specified schedule or no frequency record
1101,KMB,260X,TUEN MUN (PO TIN ESTATE) - HUNG HOM STATION,3,287,40,40,300,1200,20200101,20991231,frequency/headway
1101,KMB,260X,TUEN MUN (PO TIN ESTATE) - HUNG HOM STATION,3,288,48,48,300,1200,20200101,20991231,frequency/headway
1101,KMB,260X,TUEN MUN (PO TIN ESTATE) - HUNG HOM STATION,3,448,22,22,420,1500,20200101,20991231,frequency/headway
1103,KMB,261B,TUEN MUN (SAM SHING ESTATE) - KOWLOON STATION,3,287,1,0,,,20200101,20991231,specified schedule or no frequency record
1103,KMB,261B,TUEN MUN (SAM SHING ESTATE) - KOWLOON STATION,3,288,1,0,,,20200101,20991231,specified schedule or no frequency record
1113,KMB,268B,LONG PING STATION - HUNG HOM (HUNG LUEN ROAD),3,287,3,1,1200,1200,20200101,20991231,frequency/headway
1113,KMB,268B,LONG PING STATION - HUNG HOM (HUNG LUEN ROAD),3,480,2,2,1800,1800,20200101,20991231,frequency/headway
1115,KMB,269B,TIN SHUI WAI TOWN CENTRE - HUNG HOM (HUNG LUEN ROAD),3,287,12,12,720,1800,20200101,20991231,frequency/headway
1115,KMB,269B,TIN SHUI WAI TOWN CENTRE - HUNG HOM (HUNG LUEN ROAD),3,288,13,13,900,1800,20200101,20991231,frequency/headway
1115,KMB,269B,TIN SHUI WAI TOWN CENTRE - HUNG HOM (HUNG LUEN ROAD),3,448,12,12,1200,1800,20200101,20991231,frequency/headway
1122,KMB,270A,SHEUNG SHUI - TSIM SHA TSUI EAST (MODY ROAD),3,287,19,19,600,1800,20200101,20991231,frequency/headway
1122,KMB,270A,SHEUNG SHUI - TSIM SHA TSUI EAST (MODY ROAD),3,288,14,14,600,1800,20200101,20991231,frequency/headway
1122,KMB,270A,SHEUNG SHUI - TSIM SHA TSUI EAST (MODY ROAD),3,448,13,13,720,1800,20200101,20991231,frequency/headway
1123,KMB,271,TAI PO (FU HENG) - JORDAN (WEST KOWLOON STATION),3,287,22,22,360,1200,20200101,20991231,frequency/headway
1123,KMB,271,TAI PO (FU HENG) - JORDAN (WEST KOWLOON STATION),3,288,86,86,360,1200,20200101,20991231,frequency/headway
1123,KMB,271,TAI PO (FU HENG) - JORDAN (WEST KOWLOON STATION),3,448,17,17,480,1200,20200101,20991231,frequency/headway
1147,KMB,28,LOK WAH - STAR FERRY,3,287,15,15,720,1800,20200101,20991231,frequency/headway
1147,KMB,28,LOK WAH - STAR FERRY,3,288,12,12,720,1800,20200101,20991231,frequency/headway
1147,KMB,28,LOK WAH - STAR FERRY,3,448,12,12,720,1800,20200101,20991231,frequency/headway
1149,KMB,281A,KWONG YUEN - KOWLOON STATION,3,287,22,22,600,1800,20200101,20991231,frequency/headway
1149,KMB,281A,KWONG YUEN - KOWLOON STATION,3,288,14,14,600,1800,20200101,20991231,frequency/headway
1149,KMB,281A,KWONG YUEN - KOWLOON STATION,3,448,16,16,600,1800,20200101,20991231,frequency/headway
1169,KMB,2E,PAK TIN (NORTH) - KOWLOON CITY FERRY,3,287,10,10,900,1800,20200101,20991231,frequency/headway
1169,KMB,2E,PAK TIN (NORTH) - KOWLOON CITY FERRY,3,288,9,9,1200,1800,20200101,20991231,frequency/headway
1169,KMB,2E,PAK TIN (NORTH) - KOWLOON CITY FERRY,3,448,9,9,1200,1800,20200101,20991231,frequency/headway
1176,KMB,30X,TSUEN WAN (ALLWAY GARDENS) - WHAMPOA GARDEN,3,287,15,15,780,1800,20200101,20991231,frequency/headway
1176,KMB,30X,TSUEN WAN (ALLWAY GARDENS) - WHAMPOA GARDEN,3,288,11,11,1080,1500,20200101,20991231,frequency/headway
1176,KMB,30X,TSUEN WAN (ALLWAY GARDENS) - WHAMPOA GARDEN,3,448,8,8,900,1500,20200101,20991231,frequency/headway
1187,KMB,35A,KWAI CHUNG (ON YAM ESTATE) - TSIM SHA TSUI EAST,3,287,28,28,300,1500,20200101,20991231,frequency/headway
1187,KMB,35A,KWAI CHUNG (ON YAM ESTATE) - TSIM SHA TSUI EAST,3,288,21,21,420,1500,20200101,20991231,frequency/headway
1187,KMB,35A,KWAI CHUNG (ON YAM ESTATE) - TSIM SHA TSUI EAST,3,448,20,20,600,1500,20200101,20991231,frequency/headway
1191,KMB,36B,LEI MUK SHUE - JORDAN (WEST KOWLOON STATION),3,287,14,14,900,1500,20200101,20991231,frequency/headway
1191,KMB,36B,LEI MUK SHUE - JORDAN (WEST KOWLOON STATION),3,288,10,10,720,1500,20200101,20991231,frequency/headway
1191,KMB,36B,LEI MUK SHUE - JORDAN (WEST KOWLOON STATION),3,448,9,9,900,1500,20200101,20991231,frequency/headway
1194,KMB,373,FANLING (LUEN WO HUI) - CENTRAL (HONG KONG STATION),3,287,3,0,,,20200101,20991231,specified schedule or no frequency record
1203,KMB,3C,TSZ WAN SHAN (NORTH) - CHINA FERRY TERMINAL,3,287,22,22,720,1800,20200101,20991231,frequency/headway
1203,KMB,3C,TSZ WAN SHAN (NORTH) - CHINA FERRY TERMINAL,3,288,10,10,900,1800,20200101,20991231,frequency/headway
1203,KMB,3C,TSZ WAN SHAN (NORTH) - CHINA FERRY TERMINAL,3,448,10,10,900,1800,20200101,20991231,frequency/headway
1210,KMB,41A,TSING YI (CHEUNG ON ESTATE) - TSIM SHA TSUI EAST,3,287,13,13,600,1500,20200101,20991231,frequency/headway
1210,KMB,41A,TSING YI (CHEUNG ON ESTATE) - TSIM SHA TSUI EAST,3,288,10,10,900,1500,20200101,20991231,frequency/headway
1210,KMB,41A,TSING YI (CHEUNG ON ESTATE) - TSIM SHA TSUI EAST,3,448,8,8,900,1500,20200101,20991231,frequency/headway
1214,KMB,42A,TSING YI (CHEUNG HANG ESTATE) - JORDAN (WEST KOWLOON STATION),3,287,76,76,240,1200,20200101,20991231,frequency/headway
1214,KMB,42A,TSING YI (CHEUNG HANG ESTATE) - JORDAN (WEST KOWLOON STATION),3,288,43,43,360,1200,20200101,20991231,frequency/headway
1214,KMB,42A,TSING YI (CHEUNG HANG ESTATE) - JORDAN (WEST KOWLOON STATION),3,448,89,89,360,1200,20200101,20991231,frequency/headway
1228,KMB,45,KOWLOON CITY FERRY - KWAI CHUNG (LAI YIU ESTATE),3,287,18,18,1200,2400,20200101,20991231,frequency/headway
1228,KMB,45,KOWLOON CITY FERRY - KWAI CHUNG (LAI YIU ESTATE),3,480,9,9,1500,2400,20200101,20991231,frequency/headway
1229,KMB,46,JORDAN (WEST KOWLOON STATION) - KWAI CHUNG (LAI YIU ESTATE),3,287,10,10,900,2100,20200101,20991231,frequency/headway
1229,KMB,46,JORDAN (WEST KOWLOON STATION) - KWAI CHUNG (LAI YIU ESTATE),3,480,4,4,1500,1800,20200101,20991231,frequency/headway
1237,KMB,5,FU SHAN ESTATE - STAR FERRY,3,287,14,14,900,1800,20200101,20991231,frequency/headway
1237,KMB,5,FU SHAN ESTATE - STAR FERRY,3,288,10,10,900,1800,20200101,20991231,frequency/headway
1237,KMB,5,FU SHAN ESTATE - STAR FERRY,3,448,8,8,1200,1800,20200101,20991231,frequency/headway
1250,KMB,5A,KAI TAK (KAI CHING ESTATE) - STAR FERRY,3,319,4,4,1500,1800,20200101,20991231,frequency/headway
1250,KMB,5A,KAI TAK (KAI CHING ESTATE) - STAR FERRY,3,448,2,2,1800,1800,20200101,20991231,frequency/headway
1251,KMB,5C,TSZ WAN SHAN (CENTRAL) - STAR FERRY,3,287,55,55,480,1200,20200101,20991231,frequency/headway
1251,KMB,5C,TSZ WAN SHAN (CENTRAL) - STAR FERRY,3,288,16,16,480,1200,20200101,20991231,frequency/headway
1251,KMB,5C,TSZ WAN SHAN (CENTRAL) - STAR FERRY,3,448,13,13,540,1200,20200101,20991231,frequency/headway
1253,KMB,6,STAR FERRY - LAI CHI KOK,3,287,35,35,480,1500,20200101,20991231,frequency/headway
1253,KMB,6,STAR FERRY - LAI CHI KOK,3,288,39,39,480,1500,20200101,20991231,frequency/headway
1253,KMB,6,STAR FERRY - LAI CHI KOK,3,448,16,16,540,1200,20200101,20991231,frequency/headway
1262,KMB,60X,TUEN MUN CENTRAL - JORDAN (WEST KOWLOON STATION),3,287,67,67,480,1260,20200101,20991231,frequency/headway
1262,KMB,60X,TUEN MUN CENTRAL - JORDAN (WEST KOWLOON STATION),3,288,95,95,360,1200,20200101,20991231,frequency/headway
1262,KMB,60X,TUEN MUN CENTRAL - JORDAN (WEST KOWLOON STATION),3,448,73,73,420,1200,20200101,20991231,frequency/headway
1269,KMB,63X,HUNG SHUI KIU (HUNG FUK ESTATE) - JORDAN (WEST KOWLOON STATION),3,287,15,15,720,1800,20200101,20991231,frequency/headway
1269,KMB,63X,HUNG SHUI KIU (HUNG FUK ESTATE) - JORDAN (WEST KOWLOON STATION),3,288,13,13,900,1800,20200101,20991231,frequency/headway
1269,KMB,63X,HUNG SHUI KIU (HUNG FUK ESTATE) - JORDAN (WEST KOWLOON STATION),3,448,12,12,900,1800,20200101,20991231,frequency/headway
1295,KMB,69X,TIN SHUI ESTATE - JORDAN (WEST KOWLOON STATION),3,287,17,17,720,1800,20200101,20991231,frequency/headway
1295,KMB,69X,TIN SHUI ESTATE - JORDAN (WEST KOWLOON STATION),3,288,12,12,720,1800,20200101,20991231,frequency/headway
1295,KMB,69X,TIN SHUI ESTATE - JORDAN (WEST KOWLOON STATION),3,448,9,9,1200,1800,20200101,20991231,frequency/headway
1297,KMB,6C,KOWLOON CITY FERRY - MEI FOO,3,287,18,18,600,1500,20200101,20991231,frequency/headway
1297,KMB,6C,KOWLOON CITY FERRY - MEI FOO,3,288,14,14,600,1500,20200101,20991231,frequency/headway
1297,KMB,6C,KOWLOON CITY FERRY - MEI FOO,3,448,15,15,600,1500,20200101,20991231,frequency/headway
1299,KMB,6F,KOWLOON CITY FERRY - CHEUNG SHA WAN (LAI KOK ESTATE),3,287,7,7,1500,2100,20200101,20991231,frequency/headway
1299,KMB,6F,KOWLOON CITY FERRY - CHEUNG SHA WAN (LAI KOK ESTATE),3,288,8,8,1500,2100,20200101,20991231,frequency/headway
1299,KMB,6F,KOWLOON CITY FERRY - CHEUNG SHA WAN (LAI KOK ESTATE),3,448,3,3,1800,2100,20200101,20991231,frequency/headway
1300,KMB,7,STAR FERRY - LOK FU,3,287,16,16,900,1800,20200101,20991231,frequency/headway
1300,KMB,7,STAR FERRY - LOK FU,3,288,12,12,1200,1800,20200101,20991231,frequency/headway
1300,KMB,7,STAR FERRY - LOK FU,3,448,4,4,1500,1800,20200101,20991231,frequency/headway
1324,KMB,7B,HUNG HOM (HUNG LUEN ROAD) - LOK FU,3,287,10,10,1200,2100,20200101,20991231,frequency/headway
1324,KMB,7B,HUNG HOM (HUNG LUEN ROAD) - LOK FU,3,288,6,6,1800,2100,20200101,20991231,frequency/headway
1324,KMB,7B,HUNG HOM (HUNG LUEN ROAD) - LOK FU,3,448,6,6,1800,2100,20200101,20991231,frequency/headway
1326,KMB,8,STAR FERRY - KOWLOON STATION,3,287,13,13,1200,1800,20200101,20991231,frequency/headway
1326,KMB,8,STAR FERRY - KOWLOON STATION,3,288,8,8,1200,1800,20200101,20991231,frequency/headway
1326,KMB,8,STAR FERRY - KOWLOON STATION,3,448,13,13,1200,1800,20200101,20991231,frequency/headway
1334,KMB,81,WO CHE - JORDAN (WEST KOWLOON STATION),3,287,17,17,660,1800,20200101,20991231,frequency/headway
1334,KMB,81,WO CHE - JORDAN (WEST KOWLOON STATION),3,288,12,12,720,1800,20200101,20991231,frequency/headway
1334,KMB,81,WO CHE - JORDAN (WEST KOWLOON STATION),3,448,18,18,720,1800,20200101,20991231,frequency/headway
1336,KMB,81C,YIU ON - TSIM SHA TSUI EAST (MODY ROAD),3,287,15,15,600,3600,20200101,20991231,frequency/headway
1336,KMB,81C,YIU ON - TSIM SHA TSUI EAST (MODY ROAD),3,288,13,13,720,3600,20200101,20991231,frequency/headway
1336,KMB,81C,YIU ON - TSIM SHA TSUI EAST (MODY ROAD),3,448,15,15,720,1800,20200101,20991231,frequency/headway
1371,KMB,87D,KAM YING COURT - HUNG HOM STATION,3,287,23,23,360,1500,20200101,20991231,frequency/headway
1371,KMB,87D,KAM YING COURT - HUNG HOM STATION,3,288,21,21,360,1200,20200101,20991231,frequency/headway
1371,KMB,87D,KAM YING COURT - HUNG HOM STATION,3,448,20,20,480,1200,20200101,20991231,frequency/headway
1390,KMB,8A,WHAMPOA GARDEN - TSIM SHA TSUI (CIRCULAR),3,511,2,2,1500,1800,20200101,20991231,frequency/headway
1391,KMB,8P,LAGUNA VERDE - TSIM SHA TSUI (CIRCULAR),3,287,9,9,900,1800,20200101,20991231,frequency/headway
1391,KMB,8P,LAGUNA VERDE - TSIM SHA TSUI (CIRCULAR),3,480,5,5,1200,1800,20200101,20991231,frequency/headway
1392,KMB,9,CHOI FOOK - TSIM SHA TSUI EAST (MODY ROAD),3,287,16,16,1200,1800,20200101,20991231,frequency/headway
1392,KMB,9,CHOI FOOK - TSIM SHA TSUI EAST (MODY ROAD),3,288,14,14,1200,1800,20200101,20991231,frequency/headway
1392,KMB,9,CHOI FOOK - TSIM SHA TSUI EAST (MODY ROAD),3,448,9,9,1200,1800,20200101,20991231,frequency/headway
1396,KMB+CTB,914,HOI LAI ESTATE - CAUSEWAY BAY (TIN HAU),3,287,19,19,780,1800,20200101,20991231,frequency/headway
1396,KMB+CTB,914,HOI LAI ESTATE - CAUSEWAY BAY (TIN HAU),3,288,17,17,900,1740,20200101,20991231,frequency/headway
1396,KMB+CTB,914,HOI LAI ESTATE - CAUSEWAY BAY (TIN HAU),3,448,13,13,900,1800,20200101,20991231,frequency/headway
1397,KMB+CTB,914X,HOI LAI ESTATE - CAUSEWAY BAY (TIN HAU),3,287,2,0,,,20200101,20991231,specified schedule or no frequency record
1403,KMB,93K,TSUI LAM - MONG KOK EAST STATION,3,287,15,15,1020,1800,20200101,20991231,frequency/headway
1403,KMB,93K,TSUI LAM - MONG KOK EAST STATION,3,288,5,5,1500,1800,20200101,20991231,frequency/headway
1403,KMB,93K,TSUI LAM - MONG KOK EAST STATION,3,448,4,4,1500,1800,20200101,20991231,frequency/headway
1408,KMB,95,TSUI LAM - KOWLOON STATION,3,287,12,12,720,1800,20200101,20991231,frequency/headway
1408,KMB,95,TSUI LAM - KOWLOON STATION,3,288,9,9,900,1800,20200101,20991231,frequency/headway
1408,KMB,95,TSUI LAM - KOWLOON STATION,3,448,6,6,1200,1800,20200101,20991231,frequency/headway
1419,KMB,98D,HANG HAU (NORTH) (TSEUNG KWAN O HOSPITAL) - TSIM SHA TSUI EAST,3,287,29,29,360,1800,20200101,20991231,frequency/headway
1419,KMB,98D,HANG HAU (NORTH) (TSEUNG KWAN O HOSPITAL) - TSIM SHA TSUI EAST,3,288,28,28,480,1800,20200101,20991231,frequency/headway
1419,KMB,98D,HANG HAU (NORTH) (TSEUNG KWAN O HOSPITAL) - TSIM SHA TSUI EAST,3,448,12,12,600,1800,20200101,20991231,frequency/headway
1420,KMB,98P,HONG SING GARDEN - TSIM SHA TSUI EAST,3,287,2,0,,,20200101,20991231,specified schedule or no frequency record
1420,KMB,98P,HONG SING GARDEN - TSIM SHA TSUI EAST,3,288,1,0,,,20200101,20991231,specified schedule or no frequency record
1423,KMB,98D,LOHAS PARK STATION - TSIM SHA TSUI EAST,3,287,4,0,,,20200101,20991231,specified schedule or no frequency record
1430,KMB+CTB,N121,CENTRAL (MACAO FERRY) - NGAU TAU KOK,3,319,21,21,900,1800,20200101,20991231,frequency/headway
1430,KMB+CTB,N121,CENTRAL (MACAO FERRY) - NGAU TAU KOK,3,448,20,20,900,1800,20200101,20991231,frequency/headway
1431,KMB+CTB,N122,MEI FOO - SHAU KEI WAN,3,511,6,6,1020,2100,20200101,20991231,frequency/headway
1432,KMB+CTB,N170,SHATIN CENTRAL - WAH FU (CENTRAL),3,511,4,4,1320,1800,20200101,20991231,frequency/headway
1433,KMB+CTB,N171,LAI CHI KOK - AP LEI CHAU ESTATE,3,511,2,2,1800,1800,20200101,20991231,frequency/headway
1434,KMB+CTB,N182,KWONG YUEN - CENTRAL (MACAO FERRY),3,511,6,6,900,1500,20200101,20991231,frequency/headway
1435,KMB,N216,YAU TONG - HUNG HOM STATION,3,511,5,5,1500,1800,20200101,20991231,frequency/headway
1437,KMB,N241,HUNG HOM STATION - TSING YI (CHEUNG WANG ESTATE),3,511,3,3,1500,1800,20200101,20991231,frequency/headway
1441,KMB,N271,TAI PO (FU HENG) - HUNG HOM STATION,3,511,6,6,1200,1800,20200101,20991231,frequency/headway
1443,KMB,N281,KAM YING COURT - HUNG HOM STATION,3,511,6,6,1200,1800,20200101,20991231,frequency/headway
1475,CTB,H1,CENTRAL (STAR FERRY) - TSIM SHA TSUI,3,319,1,1,1800,1800,20200101,20991231,frequency/headway
1482,KMB+CTB,101,KWUN TONG (YUE MAN SQUARE) - KENNEDY TOWN,3,287,78,78,240,1620,20200101,20991231,frequency/headway
1482,KMB+CTB,101,KWUN TONG (YUE MAN SQUARE) - KENNEDY TOWN,3,288,86,86,240,1620,20200101,20991231,frequency/headway
1482,KMB+CTB,101,KWUN TONG (YUE MAN SQUARE) - KENNEDY TOWN,3,448,68,68,300,1620,20200101,20991231,frequency/headway
1484,KMB+CTB,102,SHAU KEI WAN - MEI FOO,3,287,70,70,300,1200,20200101,20991231,frequency/headway
1484,KMB+CTB,102,SHAU KEI WAN - MEI FOO,3,288,73,73,300,1200,20200101,20991231,frequency/headway
1484,KMB+CTB,102,SHAU KEI WAN - MEI FOO,3,448,62,62,300,1260,20200101,20991231,frequency/headway
1490,KMB+CTB,106P,SIU SAI WAN (ISLAND RESORT) - WONG TAI SIN (MORNING PEAK),3,287,8,0,,,20200101,20991231,specified schedule or no frequency record
1491,KMB+CTB,107,KOWLOON BAY - WAH KWAI,3,287,64,64,300,1200,20200101,20991231,frequency/headway
1491,KMB+CTB,107,KOWLOON BAY - WAH KWAI,3,288,46,46,360,1500,20200101,20991231,frequency/headway
1491,KMB+CTB,107,KOWLOON BAY - WAH KWAI,3,448,45,45,600,1500,20200101,20991231,frequency/headway
1492,KMB+CTB,107P,HUNG HOM (LAGUNA VERDE) - CYBERPORT,3,287,3,0,,,20200101,20991231,specified schedule or no frequency record
1492,KMB+CTB,107P,HUNG HOM (LAGUNA VERDE) - CYBERPORT,3,288,2,0,,,20200101,20991231,specified schedule or no frequency record
1492,KMB+CTB,107P,HUNG HOM (LAGUNA VERDE) - CYBERPORT,3,319,2,0,,,20200101,20991231,specified schedule or no frequency record
1493,KMB+CTB,106A,WONG TAI SIN - TAI KOO (KORNHILL PLAZA),3,287,1,1,600,600,20200101,20991231,frequency/headway
1497,KMB+CTB,111,PING SHEK / CHOI HUNG STATION - CENTRAL (MACAO FERRY),3,287,52,52,300,1800,20200101,20991231,frequency/headway
1497,KMB+CTB,111,PING SHEK / CHOI HUNG STATION - CENTRAL (MACAO FERRY),3,288,28,28,600,1800,20200101,20991231,frequency/headway
1497,KMB+CTB,111,PING SHEK / CHOI HUNG STATION - CENTRAL (MACAO FERRY),3,448,36,36,360,1800,20200101,20991231,frequency/headway
1498,KMB+CTB,111P,CHOI FOOK - CENTRAL (MACAO FERRY),3,287,7,0,,,20200101,20991231,specified schedule or no frequency record
1498,KMB+CTB,111P,CHOI FOOK - CENTRAL (MACAO FERRY),3,288,2,0,,,20200101,20991231,specified schedule or no frequency record
1499,KMB+CTB,113,CHOI HUNG - KENNEDY TOWN (BELCHER BAY),3,287,36,36,900,1800,20200101,20991231,frequency/headway
1499,KMB+CTB,113,CHOI HUNG - KENNEDY TOWN (BELCHER BAY),3,288,24,24,900,1800,20200101,20991231,frequency/headway
1499,KMB+CTB,113,CHOI HUNG - KENNEDY TOWN (BELCHER BAY),3,448,18,18,1200,1800,20200101,20991231,frequency/headway
1505,KMB+CTB,118P,SIU SAI WAN (ISLAND RESORT) - CHEUNG SHA WAN (SHAM MONG ROAD),3,287,19,0,,,20200101,20991231,specified schedule or no frequency record
1505,KMB+CTB,118P,SIU SAI WAN (ISLAND RESORT) - CHEUNG SHA WAN (SHAM MONG ROAD),3,288,9,0,,,20200101,20991231,specified schedule or no frequency record
1506,KMB+CTB,118P,SIU SAI WAN (ISLAND RESORT) - KEI WING PRIMARY SCHOOL,3,287,1,0,,,20200101,20991231,specified schedule or no frequency record
1513,KMB+CTB,171,LAI CHI KOK - SOUTH HORIZONS,3,287,29,29,900,1800,20200101,20991231,frequency/headway
1513,KMB+CTB,171,LAI CHI KOK - SOUTH HORIZONS,3,288,23,23,720,1800,20200101,20991231,frequency/headway
1513,KMB+CTB,171,LAI CHI KOK - SOUTH HORIZONS,3,448,36,36,720,1620,20200101,20991231,frequency/headway
1514,KMB+CTB,171P,SOUTH HORIZONS - LAI CHI KOK,3,287,4,0,,,20200101,20991231,specified schedule or no frequency record
1514,KMB+CTB,171P,SOUTH HORIZONS - LAI CHI KOK,3,288,1,0,,,20200101,20991231,specified schedule or no frequency record
1515,KMB+CTB,171A,LEI TUNG ESTATE - LAI CHI KOK,3,287,4,0,,,20200101,20991231,specified schedule or no frequency record
1569,KMB+CTB,118,CHAI WAN (GREENWOOD TERRACE) - CHEUNG SHA WAN (SHAM MONG ROAD),3,287,2,0,,,20200101,20991231,specified schedule or no frequency record
1569,KMB+CTB,118,CHAI WAN (GREENWOOD TERRACE) - CHEUNG SHA WAN (SHAM MONG ROAD),3,288,1,0,,,20200101,20991231,specified schedule or no frequency record
1665,CTB,970,CYBERPORT - SO UK ESTATE,3,287,55,55,300,1320,20200101,20991231,frequency/headway
1665,CTB,970,CYBERPORT - SO UK ESTATE,3,288,27,27,600,1200,20200101,20991231,frequency/headway
1665,CTB,970,CYBERPORT - SO UK ESTATE,3,448,16,16,660,1200,20200101,20991231,frequency/headway
1667,CTB,973,TSIM SHA TSUI EAST (MODY ROAD) - STANLEY,3,287,4,4,1800,3600,20200101,20991231,frequency/headway
1673,CTB,A21,HUNG HOM STATION - AIRPORT (GROUND TRANSPORTATION CENTRE),3,287,17,17,480,1800,20200101,20991231,frequency/headway
1673,CTB,A21,HUNG HOM STATION - AIRPORT (GROUND TRANSPORTATION CENTRE),3,288,17,17,480,1800,20200101,20991231,frequency/headway
1673,CTB,A21,HUNG HOM STATION - AIRPORT (GROUND TRANSPORTATION CENTRE),3,448,13,13,600,1800,20200101,20991231,frequency/headway
1677,CTB,E21X,TUNG CHUNG (MUN TUNG ESTATE) - HUNG HOM STATION,3,319,1,0,,,20200101,20991231,specified schedule or no frequency record
1682,CTB,E23,TSZ WAN SHAN (SOUTH) - AIRPORT (GROUND TRANSPORTATION CENTRE),3,287,9,9,720,1800,20200101,20991231,frequency/headway
1682,CTB,E23,TSZ WAN SHAN (SOUTH) - AIRPORT (GROUND TRANSPORTATION CENTRE),3,288,6,6,1200,1800,20200101,20991231,frequency/headway
1682,CTB,E23,TSZ WAN SHAN (SOUTH) - AIRPORT (GROUND TRANSPORTATION CENTRE),3,448,4,4,1200,1800,20200101,20991231,frequency/headway
1688,CTB,N11,CENTRAL (MACAO FERRY) - AIRPORT (GROUND TRANSPORTATION CENTRE),3,511,8,0,,,20200101,20991231,specified schedule or no frequency record
1689,KMB+CTB,N118,CHEUNG SHA WAN (SHAM MONG ROAD) - SIU SAI WAN (ISLAND RESORT),3,511,12,12,1200,1800,20200101,20991231,frequency/headway
1695,CTB,N21,TSIM SHA TSUI (STAR FERRY) - AIRPORT (GROUND TRANSPORTATION CENTRE),3,511,20,0,,,20200101,20991231,specified schedule or no frequency record
1696,CTB,N21A,TSIM SHA TSUI (STAR FERRY) - AIRPORT (VIA YAT TUNG ESTATE),3,511,3,0,,,20200101,20991231,specified schedule or no frequency record
1697,CTB,N23,TSZ WAN SHAN (NORTH) - TUNG CHUNG STATION,3,511,5,0,,,20200101,20991231,specified schedule or no frequency record
1745,KMB+CTB,104,KENNEDY TOWN - SHAM SHUI PO (PAK TIN ESTATE),3,287,28,28,840,1800,20200101,20991231,frequency/headway
1745,KMB+CTB,104,KENNEDY TOWN - SHAM SHUI PO (PAK TIN ESTATE),3,288,27,27,840,1800,20200101,20991231,frequency/headway
1745,KMB+CTB,104,KENNEDY TOWN - SHAM SHUI PO (PAK TIN ESTATE),3,448,30,30,1200,1800,20200101,20991231,frequency/headway
1747,KMB+CTB,118,CHEUNG SHA WAN (SHAM MONG ROAD) - SIU SAI WAN (ISLAND RESORT),3,287,57,57,300,1200,20200101,20991231,frequency/headway
1747,KMB+CTB,118,CHEUNG SHA WAN (SHAM MONG ROAD) - SIU SAI WAN (ISLAND RESORT),3,288,103,103,240,1020,20200101,20991231,frequency/headway
1747,KMB+CTB,118,CHEUNG SHA WAN (SHAM MONG ROAD) - SIU SAI WAN (ISLAND RESORT),3,448,107,107,240,1200,20200101,20991231,frequency/headway
1801,CTB,970X,TIN WAN - CHEUNG SHA WAN (KOM TSUN STREET),3,287,7,0,,,20200101,20991231,specified schedule or no frequency record
1801,CTB,970X,TIN WAN - CHEUNG SHA WAN (KOM TSUN STREET),3,288,7,0,,,20200101,20991231,specified schedule or no frequency record
1802,CTB,970X,ABERDEEN - CHEUNG SHA WAN (KOM TSUN STREET),3,287,28,28,540,1500,20200101,20991231,frequency/headway
1802,CTB,970X,ABERDEEN - CHEUNG SHA WAN (KOM TSUN STREET),3,288,27,27,600,1440,20200101,20991231,frequency/headway
1802,CTB,970X,ABERDEEN - CHEUNG SHA WAN (KOM TSUN STREET),3,448,17,17,720,1200,20200101,20991231,frequency/headway
1807,CTB,A22,LAM TIN STATION - AIRPORT (GROUND TRANSPORTATION CENTRE),3,287,12,12,900,3600,20200101,20991231,frequency/headway
1807,CTB,A22,LAM TIN STATION - AIRPORT (GROUND TRANSPORTATION CENTRE),3,288,12,12,900,3600,20200101,20991231,frequency/headway
1807,CTB,A22,LAM TIN STATION - AIRPORT (GROUND TRANSPORTATION CENTRE),3,448,10,10,900,3600,20200101,20991231,frequency/headway
1808,CTB,A22,LAM TIN STATION - AIRPORT (GROUND TRANSPORTATION CENTRE) (VIA CATHAY CITY),3,287,2,0,,,20200101,20991231,specified schedule or no frequency record
1818,KMB,271P,KAU LUNG HANG - TSIM SHA TSUI (CANTON ROAD),3,287,2,0,,,20200101,20991231,specified schedule or no frequency record
1892,KMB,N368,YUEN LONG (WEST) - CENTRAL (MACAO FERRY),3,511,23,23,1200,1500,20200101,20991231,frequency/headway
1992,XB,Yau Tsim - Huanggang,YAU TSIM - HUANGGANG (LATE NIGHT DEPARTURES),3,511,35,35,600,4500,20200101,20991231,frequency/headway
2000976,GMB,43M,TAI KOK TSUI (CHERRY STREET) - YAU MA TEI MTR STATION (CIRCULAR),3,511,1,1,300,300,20200101,20991231,frequency/headway
2000977,GMB,43M,MONG KOK (PARK AVENUE) BUS TERMINUS - YAU MA TEI MTR STATION (CIRCULAR) (NIGHT SERVICE),3,511,1,1,900,900,20200101,20991231,frequency/headway
2000978,GMB,43M,MONG KOK (PARK AVENUE) BUS TERMINUS - YAU MA TEI MTR STATION (CIRCULAR) (SHORT-WORKING SERVICE 2.0),3,511,2,2,300,300,20200101,20991231,frequency/headway
2000982,GMB,43M,MONG KOK (PARK AVENUE) BUS TERMINUS - YAU MA TEI MTR STATION (CIRCULAR) (SHORT-WORKING SERVICE 2.2),3,511,1,1,600,600,20200101,20991231,frequency/headway
2000983,GMB,43M,YAN CHEUNG ROAD (THE CORONATION) - YAU MA TEI MTR STATION (CIRCULAR) (SPECIAL MORNING SERVICE),3,511,1,1,900,900,20200101,20991231,frequency/headway
2001161,GMB,610S,TIN SHUI WAI (TIN SHUI ESTATE) - TSIM SHA TSUI (HAIPHONG ROAD) ,3,511,4,4,720,900,20200101,20991231,frequency/headway
2001557,GMB,80M,PARC PALAIS - JORDAN STATION (CIRCULAR),3,287,1,1,600,600,20200101,20991231,frequency/headway
2001557,GMB,80M,PARC PALAIS - JORDAN STATION (CIRCULAR),3,480,1,1,900,900,20200101,20991231,frequency/headway
2002815,GMB,26,TO KWA WAN (CHI KIANG STREET) - KOWLOON STATION ,3,511,10,10,600,720,20200101,20991231,frequency/headway
2002846,GMB,26A,WHAMPOA GARDEN PUBLIC TRANSPORT INTERCHANGE - TSIM SHA TSUI (CANTON ROAD) (CIRCULAR) (SUPPLEMENTARY SERVICE),3,511,1,1,600,600,20200101,20991231,frequency/headway
2002849,GMB,26H,QUEEN ELIZABETH HOSPITAL - HUNG HOM STATION (CIRCULAR) (SUPPLEMENTARY SERVICE),3,287,26,26,600,1800,20200101,20991231,frequency/headway
2002849,GMB,26H,QUEEN ELIZABETH HOSPITAL - HUNG HOM STATION (CIRCULAR) (SUPPLEMENTARY SERVICE),3,288,1,1,1800,1800,20200101,20991231,frequency/headway
2002849,GMB,26H,QUEEN ELIZABETH HOSPITAL - HUNG HOM STATION (CIRCULAR) (SUPPLEMENTARY SERVICE),3,448,1,1,1800,1800,20200101,20991231,frequency/headway
2002850,GMB,26X,LAGUNA VERDE - JORDAN (FERRY STREET) (CIRCULAR) (EXPRESS SERVICE),3,319,2,2,1200,1200,20200101,20991231,frequency/headway
2003339,GMB,77M,KOWLOON STATION - EAST TSIM SHA TSUI (CIRCULAR),3,511,57,57,900,1200,20200101,20991231,frequency/headway
2003438,GMB,78,TAI KOK TSUI(ISLAND HARBOURVIEW) PUBLIC TRANSPORT INTERCHANGE - TSIM SHA TSUI (PEKING ROAD) (CIRCULAR),3,511,5,5,720,840,20200101,20991231,frequency/headway
2003471,GMB,78A,TAI KOK TSUI(ISLAND HARBOURVIEW) PUBLIC TRANSPORT INTERCHANGE - TSIM SHA TSUI (PEKING ROAD)  (SHORTWORKING SERVICE),3,383,1,1,3600,3600,20200101,20991231,frequency/headway
2004395,GMB,62S,LAM TIN (KWONG TIN ESTATE) - TSIM SHA TSUI ,3,511,4,4,1080,1200,20200101,20991231,frequency/headway
2004463,GMB,57M,JORDAN STATION (NANKING STREET) - QUEEN ELIZABETH HOSPITAL ,3,511,8,8,300,900,20200101,20991231,frequency/headway
2006276,GMB,3,TSIM SHA TSUI (ASHLEY ROAD) - COSMOPOLITAN ESTATES ,3,511,18,18,180,600,20200101,20991231,frequency/headway
2006283,GMB,3,TSIM SHA TSUI (ASHLEY ROAD) - COSMOPOLITAN ESTATES  (MORNING BUSY ROUTE (VIA FERRY STREET),3,511,1,1,180,180,20200101,20991231,frequency/headway
2006309,GMB,8,TSIM SHA TSUI (HANKOW ROAD) - HO MAN TIN ESTATE ,3,319,194,194,240,600,20200101,20991231,frequency/headway
2006309,GMB,8,TSIM SHA TSUI (HANKOW ROAD) - HO MAN TIN ESTATE ,3,448,7,7,360,600,20200101,20991231,frequency/headway
2006312,GMB,8,TSIM SHA TSUI (HANKOW ROAD) - HO MAN TIN (CHUNG HAU STREET)  (SHORT WORKING TRIPS),3,319,4,4,420,420,20200101,20991231,frequency/headway
2006314,GMB,8,TSIM SHA TSUI (HANKOW ROAD) - HO MAN TIN ESTATE  (SPECIAL TRIPS (VIA HUNG HOM BYPASS),3,319,2,2,1800,1800,20200101,20991231,frequency/headway
2006315,GMB,8S,TSIM SHA TSUI (HANKOW ROAD) - HO MAN TIN (SHEUNG FOO STREET) ,3,319,36,36,300,660,20200101,20991231,frequency/headway
2006315,GMB,8S,TSIM SHA TSUI (HANKOW ROAD) - HO MAN TIN (SHEUNG FOO STREET) ,3,448,7,7,360,600,20200101,20991231,frequency/headway
2006317,GMB,8S,TSIM SHA TSUI (HANKOW ROAD) - HO MAN TIN (SHEUNG FOO STREET)  (SPECIAL TRIPS (VIA HUNG HOM BYPASS),3,319,2,2,1800,1800,20200101,20991231,frequency/headway
2006318,GMB,8M,HO MAN TIN (SHEUNG WO STREET) - HO MAN TIN STATION ,3,511,10,10,480,900,20200101,20991231,frequency/headway
2008786,GMB,606S,YUEN LONG (FUNG CHEUNG ROAD) - TSIM SHA TSUI EAST (MODY ROAD) ,3,511,23,23,360,780,20200101,20991231,frequency/headway
2009642,GMB,CX1,AUSTIN STATION - HONG KONG PALACE MUSEUM (CIRCULAR),3,511,1,1,600,600,20200101,20991231,frequency/headway
2010698,GMB,91,SAU MAU PING (HIU KWONG STREET) - JORDAN (PAK HOI STREET) ,3,319,6,6,720,1200,20200101,20991231,frequency/headway
2010698,GMB,91,SAU MAU PING (HIU KWONG STREET) - JORDAN (PAK HOI STREET) ,3,448,3,3,900,1200,20200101,20991231,frequency/headway
2010731,GMB,91,SAU MAU PING (HIU KWONG STREET) - JORDAN (NANKING STREET)  (MORNING DEPARTURES),3,287,1,1,600,600,20200101,20991231,frequency/headway
2010764,GMB,91,JORDAN (PAK HOI STREET) - SAU MAU PING (HIU KWONG STREET) (CIRCULAR) (SPECIAL SERVICE),3,319,4,4,600,1200,20200101,20991231,frequency/headway
2010764,GMB,91,JORDAN (PAK HOI STREET) - SAU MAU PING (HIU KWONG STREET) (CIRCULAR) (SPECIAL SERVICE),3,448,2,2,900,1200,20200101,20991231,frequency/headway
2011424,GMB,74,KOWLOON STATION - MONG KOK (LUEN WAN STREET) (CIRCULAR),3,511,74,74,600,1200,20200101,20991231,frequency/headway
7000036,FERRY,,TSIM SHA TSUI / TSIM SHA TSUI EAST - LEI YUE MUN,4,480,2,0,,,20200101,20991231,specified schedule or no frequency record
7000038,FERRY,,TSIM SHA TSUI EAST - WEST KOWLOON,4,511,10,0,,,20200101,20991231,specified schedule or no frequency record
7000039,FERRY,,WEST KOWLOON / TSIM SHA TSUI EAST - WAN CHAI / CENTRAL,4,511,10,0,,,20200101,20991231,specified schedule or no frequency record
7000040,FERRY,,CENTRAL / WAN CHAI - TSIM SHA TSUI EAST,4,511,10,0,,,20200101,20991231,specified schedule or no frequency record
8009,KMB,203S,CHAK ON ESTATE - TSIM SHA TSUI EAST (MODY ROAD),3,319,1,0,,,20200101,20991231,specified schedule or no frequency record
8012,KMB,242X,TSING YI (CHEUNG HANG ESTATE) - TSIM SHA TSUI,3,287,4,0,,,20200101,20991231,specified schedule or no frequency record
8066,KMB+CTB,118,CROSS HARBOUR TUNNEL - SIU SAI WAN (ISLAND RESORT),3,287,1,0,,,20200101,20991231,specified schedule or no frequency record
8071,NLB,1R,HUNG HOM (HUNG LUEN ROAD) - NGONG PING,3,448,3,0,,,20200101,20991231,specified schedule or no frequency record
8091,CTB,796P,TSEUNG KWAN O STATION - TSIM SHA TSUI (EAST),3,287,4,4,1200,1800,20200101,20991231,frequency/headway
8091,CTB,796P,TSEUNG KWAN O STATION - TSIM SHA TSUI (EAST),3,288,4,4,1200,1800,20200101,20991231,frequency/headway
8091,CTB,796P,TSEUNG KWAN O STATION - TSIM SHA TSUI (EAST),3,448,4,4,1200,1800,20200101,20991231,frequency/headway
8097,KMB,270P,SHEUNG SHUI - KOWLOON STATION,3,287,1,0,,,20200101,20991231,specified schedule or no frequency record
8114,KMB,5P,TSZ WAN SHAN (CENTRAL) - STAR FERRY,3,287,3,3,600,960,20200101,20991231,frequency/headway
8115,KMB,215P,LAM TIN (KWONG TIN ESTATE) - KOWLOON STATION,3,319,1,0,,,20200101,20991231,specified schedule or no frequency record
8126,KMB,281B,SHEK MUN ESTATE - TSIM SHA TSUI EAST (MODY ROAD),3,287,2,2,1200,1800,20200101,20991231,frequency/headway
8126,KMB,281B,SHEK MUN ESTATE - TSIM SHA TSUI EAST (MODY ROAD),3,288,1,1,1800,1800,20200101,20991231,frequency/headway
8127,KMB,281X,YIU ON - TSIM SHA TSUI EAST (MODY ROAD),3,287,3,3,1200,1500,20200101,20991231,frequency/headway
8127,KMB,281X,YIU ON - TSIM SHA TSUI EAST (MODY ROAD),3,288,1,1,1800,1800,20200101,20991231,frequency/headway
8150,KMB,270S,TSIM SHA TSUI EAST (MODY ROAD) - FANLING (LUEN WO HUI),3,319,4,0,,,20200101,20991231,specified schedule or no frequency record
8150,KMB,270S,TSIM SHA TSUI EAST (MODY ROAD) - FANLING (LUEN WO HUI),3,448,5,0,,,20200101,20991231,specified schedule or no frequency record
8177,KMB+CTB,110,SHAU KEI WAN - TSIM SHA TSUI EAST (MODY ROAD),3,480,1,0,,,20200101,20991231,specified schedule or no frequency record
8191,KMB,17,KOWLOON BAY STATION - HO MAN TIN (OI MAN ESTATE),3,287,4,0,,,20200101,20991231,specified schedule or no frequency record
8194,KMB+CTB,101X,KENNEDY TOWN - KWUN TONG (YUE MAN SQUARE),3,287,2,0,,,20200101,20991231,specified schedule or no frequency record
8198,KMB,287X,SHUI CHUEN O - JORDAN (CIRCULAR),3,287,10,10,540,1200,20200101,20991231,frequency/headway
8198,KMB,287X,SHUI CHUEN O - JORDAN (CIRCULAR),3,288,7,7,720,1500,20200101,20991231,frequency/headway
8198,KMB,287X,SHUI CHUEN O - JORDAN (CIRCULAR),3,448,5,5,900,1500,20200101,20991231,frequency/headway
8199,KMB,T270,FANLING (CHEUNG WAH) - TSIM SHA TSUI EAST (MODY ROAD),3,287,3,0,,,20200101,20991231,specified schedule or no frequency record
8203,KMB,268X,HUNG SHUI KIU (HUNG FUK ESTATE) - JORDAN (WEST KOWLOON STATION),3,287,51,51,360,2100,20200101,20991231,frequency/headway
8203,KMB,268X,HUNG SHUI KIU (HUNG FUK ESTATE) - JORDAN (WEST KOWLOON STATION),3,288,15,15,600,1800,20200101,20991231,frequency/headway
8203,KMB,268X,HUNG SHUI KIU (HUNG FUK ESTATE) - JORDAN (WEST KOWLOON STATION),3,448,13,13,720,1800,20200101,20991231,frequency/headway
8220,CTB,H1,CENTRAL (STAR FERRY) - TSIM SHA TSUI (OMIT CHATER ROAD),3,448,1,1,1800,1800,20200101,20991231,frequency/headway
8221,CTB,H2,TSIM SHA TSUI - CENTRAL (STAR FERRY),3,511,1,1,1800,1800,20200101,20991231,frequency/headway
8229,KMB,280X,SUI WO COURT - TSIM SHA TSUI EAST (MODY ROAD),3,287,11,11,900,1800,20200101,20991231,frequency/headway
8229,KMB,280X,SUI WO COURT - TSIM SHA TSUI EAST (MODY ROAD),3,480,6,6,1200,1800,20200101,20991231,frequency/headway
8239,XB,Yau Tsim - Huanggang,YAU TSIM - HUANGGANG (REGULAR DEPARTURES),3,511,140,140,600,1200,20200101,20991231,frequency/headway
8240,KMB,87D,KAM YING COURT - HUNG HOM STATION (ONLY OMIT MA ON SHAN),3,287,2,2,600,900,20200101,20991231,frequency/headway
8240,KMB,87D,KAM YING COURT - HUNG HOM STATION (ONLY OMIT MA ON SHAN),3,288,2,2,600,720,20200101,20991231,frequency/headway
8242,KMB,87D,MA ON SHAN TOWN CENTRE - HUNG HOM STATION,3,287,3,3,720,900,20200101,20991231,frequency/headway
8242,KMB,87D,MA ON SHAN TOWN CENTRE - HUNG HOM STATION,3,288,4,4,780,900,20200101,20991231,frequency/headway
8243,KMB,35X,KWAI CHUNG (ON YAM ESTATE) - TSIM SHA TSUI EAST,3,319,2,2,1200,1800,20200101,20991231,frequency/headway
8247,KMB,98D,HANG HAU (NORTH) (TSEUNG KWAN O HOSPITAL) - TSIM SHA TSUI EAST (OMIT CHUNG WA ROAD & PUI SHING ROAD),3,287,3,3,900,960,20200101,20991231,frequency/headway
8248,KMB,98D,HANG HAU (NORTH) (TSEUNG KWAN O HOSPITAL) - TSIM SHA TSUI EAST (VIA PO SHUN ROAD),3,287,4,4,1200,2100,20200101,20991231,frequency/headway
8249,KMB,98P,TSIM SHA TSUI EAST - HANG HAU (NORTH) (TSEUNG KWAN O HOSPITAL),3,287,1,0,,,20200101,20991231,specified schedule or no frequency record
8264,KMB,36X,LEI MUK SHUE - TSIM SHA TSUI EAST (MODY ROAD),3,287,2,2,1200,1800,20200101,20991231,frequency/headway
8277,CTB,796P,TSIM SHA TSUI (EAST) - TSEUNG KWAN O STATION,3,287,4,4,1200,1800,20200101,20991231,frequency/headway
8277,CTB,796P,TSIM SHA TSUI (EAST) - TSEUNG KWAN O STATION,3,288,4,4,1200,1800,20200101,20991231,frequency/headway
8277,CTB,796P,TSIM SHA TSUI (EAST) - TSEUNG KWAN O STATION,3,448,4,4,1200,1800,20200101,20991231,frequency/headway
8318,KMB,87E,NAI CHUNG - TSIM SHA TSUI,3,287,1,0,,,20200101,20991231,specified schedule or no frequency record
8332,KMB,270C,FANLING (LUEN WO HUI) - TSIM SHA TSUI EAST (MODY ROAD),3,287,2,0,,,20200101,20991231,specified schedule or no frequency record
8340,KMB+CTB,101,KWUN TONG (YUE MAN SQUARE) - DES VOEUX RD CENTRAL,3,287,1,0,,,20200101,20991231,specified schedule or no frequency record
8341,KMB+CTB,101,KWUN TONG (YUE MAN SQUARE) - BELCHER'S STREET,3,319,1,0,,,20200101,20991231,specified schedule or no frequency record
8352,KMB,213X,ON TAI (SOUTH) (HANG TAI HOUSE) - TSIM SHA TSUI (CIRCULAR),3,287,4,4,720,1800,20200101,20991231,frequency/headway
8352,KMB,213X,ON TAI (SOUTH) (HANG TAI HOUSE) - TSIM SHA TSUI (CIRCULAR),3,288,2,2,1200,1800,20200101,20991231,frequency/headway
8352,KMB,213X,ON TAI (SOUTH) (HANG TAI HOUSE) - TSIM SHA TSUI (CIRCULAR),3,448,3,3,1200,1800,20200101,20991231,frequency/headway
8379,KMB,3X,TSZ WAN SHAN (NORTH) - CHINA FERRY TERMINAL (VIA FU SHAN),3,287,1,0,,,20200101,20991231,specified schedule or no frequency record
8400,KMB,N283,TSIM SHA TSUI EAST (MODY ROAD) - WONG NAI TAU,3,511,3,0,,,20200101,20991231,specified schedule or no frequency record
8413,KMB,271B,TAI PO (FU HENG) - JORDAN (WEST KOWLOON STATION),3,287,8,0,,,20200101,20991231,specified schedule or no frequency record
8414,KMB,271X,JORDAN (WEST KOWLOON STATION) - TAI PO (FU HENG),3,287,2,2,1500,1800,20200101,20991231,frequency/headway
8415,KMB,271,JORDAN (WEST KOWLOON STATION) - TAI PO (FU HENG) (OMIT TAI PO TAI WO ROAD),3,287,22,22,420,900,20200101,20991231,frequency/headway
8415,KMB,271,JORDAN (WEST KOWLOON STATION) - TAI PO (FU HENG) (OMIT TAI PO TAI WO ROAD),3,288,11,11,360,900,20200101,20991231,frequency/headway
8415,KMB,271,JORDAN (WEST KOWLOON STATION) - TAI PO (FU HENG) (OMIT TAI PO TAI WO ROAD),3,448,26,26,420,900,20200101,20991231,frequency/headway
8427,CTB,A20,HO MAN TIN - AIRPORT (GROUND TRANSPORTATION CENTRE),3,511,14,0,,,20200101,20991231,specified schedule or no frequency record
8428,CTB,N796,TSIM SHA TSUI EAST (CHATHAM ROAD SOUTH) - LOHAS PARK,3,511,2,0,,,20200101,20991231,specified schedule or no frequency record
8448,KMB+CTB,171,SOUTH HORIZONS - LAI CHI KOK (OMIT SOUTH HORIZON DRIVE),3,287,2,1,1800,1800,20200101,20991231,frequency/headway
8448,KMB+CTB,171,SOUTH HORIZONS - LAI CHI KOK (OMIT SOUTH HORIZON DRIVE),3,288,2,1,1200,1200,20200101,20991231,frequency/headway
8448,KMB+CTB,171,SOUTH HORIZONS - LAI CHI KOK (OMIT SOUTH HORIZON DRIVE),3,448,2,2,1500,1500,20200101,20991231,frequency/headway
8449,KMB+CTB,171,SOUTH HORIZONS - LAI CHI KOK (VIA OCEAN PARK),3,288,3,2,960,1200,20200101,20991231,frequency/headway
8449,KMB+CTB,171,SOUTH HORIZONS - LAI CHI KOK (VIA OCEAN PARK),3,448,4,3,1200,1560,20200101,20991231,frequency/headway
8468,KMB+CTB,107,KOWLOON BAY - WAH KWAI (VIA OCEAN PARK),3,448,11,11,600,900,20200101,20991231,frequency/headway
8470,KMB+CTB,170,SHATIN STATION - WAH FU (CENTRAL) (VIA OCEAN PARK),3,448,3,3,1020,1500,20200101,20991231,frequency/headway
8476,CTB,973,STANLEY - TSIM SHA TSUI EAST (MODY ROAD) (VIA SHAM WAN),3,287,1,1,1800,1800,20200101,20991231,frequency/headway
8477,CTB,973,TSIM SHA TSUI EAST (MODY ROAD) - STANLEY (VIA WEST KOWLOON CULTURAL DISTRICT & OCEAN PARK),3,480,2,2,1800,1800,20200101,20991231,frequency/headway
8482,KMB,224X,KAI TAK BUS TERMINUS - TSIM SHA TSUI EAST (CIRCULAR),3,287,1,0,,,20200101,20991231,specified schedule or no frequency record
8510,KMB,280X,ROYAL ASCOT - TSIM SHA TSUI EAST (MODY ROAD),3,287,1,0,,,20200101,20991231,specified schedule or no frequency record
8511,KMB,N41X,HUNG HOM STATION - TSING YI (CHEUNG WANG ESTATE),3,511,1,1,1800,1800,20200101,20991231,frequency/headway
8513,KMB,N287,TSIM SHA TSUI EAST (MODY ROAD) - WU KAI SHA STATION,3,511,3,0,,,20200101,20991231,specified schedule or no frequency record
8538,KMB,271S,HUNG HOM STATION - TAI PO (TAI WO),3,511,1,0,,,20200101,20991231,specified schedule or no frequency record
8544,KMB,5C,YUK WAH STREET - STAR FERRY,3,287,2,0,,,20200101,20991231,specified schedule or no frequency record
8545,CTB,N796,LOHAS PARK - TSIM SHA TSUI (CIRCULAR),3,511,2,2,1200,1800,20200101,20991231,frequency/headway
8548,KMB,261B,SO KWUN WAT - KOWLOON STATION,3,287,2,0,,,20200101,20991231,specified schedule or no frequency record
8551,KMB,5C,STAR FERRY - TSZ WAN SHAN (CENTRAL) (OMIT CHING FAI HOUSE),3,287,2,2,1080,1320,20200101,20991231,frequency/headway
8579,KMB,3X,TSZ WAN SHAN (NORTH) - CHINA FERRY TERMINAL,3,287,2,1,900,900,20200101,20991231,frequency/headway
8591,KMB+CTB,118,MONG KOK (NELSON ST) - SIU SAI WAN (ISLAND RESORT),3,287,1,0,,,20200101,20991231,specified schedule or no frequency record
8600,CTB,NA20,WHAMPOA GARDEN - HZMB HONG KONG PORT,3,511,2,0,,,20200101,20991231,specified schedule or no frequency record
8617,KMB,269B,TIN YAN ESTATE - HUNG HOM (HUNG LUEN ROAD),3,319,3,0,,,20200101,20991231,specified schedule or no frequency record
8618,KMB,260X,TUEN MUN (TAI HING ESTATE) - HUNG HOM STATION,3,319,2,0,,,20200101,20991231,specified schedule or no frequency record
8619,KMB,69X,TIN YIU - JORDAN (WEST KOWLOON STATION),3,319,2,0,,,20200101,20991231,specified schedule or no frequency record
8626,KMB,N373,FANLING (LUEN WO HUI) - CENTRAL (MACAO FERRY),3,511,4,4,1200,1800,20200101,20991231,frequency/headway
8631,KMB+CTB,102P,HUNG HOM (CROSS HARBOUR TUNNEL TOLL PLAZA) - SHAU KEI WAN,3,287,2,0,,,20200101,20991231,specified schedule or no frequency record
8642,KMB,26X,TSIM SHA TSUI EAST - SHUN TIN,3,287,4,0,,,20200101,20991231,specified schedule or no frequency record
8643,KMB,213X,ON TAI (SOUTH) (HANG TAI HOUSE) - TSIM SHA TSUI (CIRCULAR) (VIA KWUN TONG BY-PASS),3,287,1,0,,,20200101,20991231,specified schedule or no frequency record
8661,KMB+CTB,101,MOK CHEONG STREET - KENNEDY TOWN,3,287,1,0,,,20200101,20991231,specified schedule or no frequency record
8663,KMB+CTB,101,CENTRAL (DES VOEUX ROAD CENTRAL) - KWUN TONG (YUE MAN SQUARE),3,287,9,6,480,1200,20200101,20991231,frequency/headway
8663,KMB+CTB,101,CENTRAL (DES VOEUX ROAD CENTRAL) - KWUN TONG (YUE MAN SQUARE),3,288,2,0,,,20200101,20991231,specified schedule or no frequency record
8666,CTB,E23A,TSZ WAN SHAN (SOUTH) - AIRPORT (GROUND TRANSPORTATION CENTRE) (VIA TUNG CHUNG NORTH),3,287,5,5,1200,1800,20200101,20991231,frequency/headway
8666,CTB,E23A,TSZ WAN SHAN (SOUTH) - AIRPORT (GROUND TRANSPORTATION CENTRE) (VIA TUNG CHUNG NORTH),3,288,2,2,1800,1800,20200101,20991231,frequency/headway
8666,CTB,E23A,TSZ WAN SHAN (SOUTH) - AIRPORT (GROUND TRANSPORTATION CENTRE) (VIA TUNG CHUNG NORTH),3,448,2,2,1800,1800,20200101,20991231,frequency/headway
8715,CTB,970,CYBERPORT - MONG KOK (BUTE STREET),3,287,6,0,,,20200101,20991231,specified schedule or no frequency record
8736,KMB,N213,TSIM SHA TSUI EAST (MODY ROAD) - ON TAI (WEST),3,511,2,0,,,20200101,20991231,specified schedule or no frequency record
8743,KMB,92R,SAI KUNG - STAR FERRY,3,288,1,1,1800,1800,20200101,20991231,frequency/headway
8743,KMB,92R,SAI KUNG - STAR FERRY,3,448,2,2,1800,3600,20200101,20991231,frequency/headway
8756,KMB,W3,SHEUNG SHUI - JORDAN (WEST KOWLOON STATION),3,287,3,2,1800,1800,20200101,20991231,frequency/headway
8756,KMB,W3,SHEUNG SHUI - JORDAN (WEST KOWLOON STATION),3,480,7,4,1200,1800,20200101,20991231,frequency/headway
8773,KMB,108,KOWLOON CITY (SHING TAK STREET) - CAUSEWAY BAY (PENNINGTON STREET),3,287,1,0,,,20200101,20991231,specified schedule or no frequency record
8774,KMB+CTB,102,HUNG HOM (CROSS HARBOUR TUNNEL) - SHAU KEI WAN,3,287,2,0,,,20200101,20991231,specified schedule or no frequency record
8781,KMB,287D,HUNG HOM STATION - KAM YING COURT,3,287,2,0,,,20200101,20991231,specified schedule or no frequency record
8792,CTB,970X,CHEUNG SHA WAN (KOM TSUN STREET) - ABERDEEN (VIA WAH FU),3,319,5,0,,,20200101,20991231,specified schedule or no frequency record
8792,CTB,970X,CHEUNG SHA WAN (KOM TSUN STREET) - ABERDEEN (VIA WAH FU),3,448,3,0,,,20200101,20991231,specified schedule or no frequency record
8793,CTB,970X,ABERDEEN - MONG KOK,3,287,1,0,,,20200101,20991231,specified schedule or no frequency record
8800,KMB,13X,PO TAT - TSIM SHA TSUI EAST (OMIT RICHLAND GARDENS AND KAI YIP),3,287,15,8,660,1500,20200101,20991231,frequency/headway
8800,KMB,13X,PO TAT - TSIM SHA TSUI EAST (OMIT RICHLAND GARDENS AND KAI YIP),3,288,6,6,720,1200,20200101,20991231,frequency/headway
8801,KMB,13X,"PO TAT - TSIM SHA TSUI EAST (OMIT RICHLAND GARDENS, KAI YIP AND COOKE STREET)",3,287,10,0,,,20200101,20991231,specified schedule or no frequency record
8802,KMB,13X,CHOI FOOK - TSIM SHA TSUI EAST,3,287,1,0,,,20200101,20991231,specified schedule or no frequency record
