stop_id,physical_node_id,straight_distance_m,pedestrian_route_id,pedestrian_straight_distance_m,pedestrian_floor_id,pedestrian_access_time_id,status
193,10355,39.404,240013055,1.42,,,pedestrian_proximity_only; vertical connectivity unknown
216,10367,16.456,240013060,1.956,,,pedestrian_proximity_only; vertical connectivity unknown
219,10758,25.417,290048762,2.993,,,pedestrian_proximity_only; vertical connectivity unknown
723,10558,34.015,240019560,2.834,,,pedestrian_proximity_only; vertical connectivity unknown
724,10185,22.983,290055251,3.016,,,pedestrian_proximity_only; vertical connectivity unknown
774,10591,38.16,240015580,2.481,,,pedestrian_proximity_only; vertical connectivity unknown
775,10735,10.716,240015497,3.146,,,pedestrian_proximity_only; vertical connectivity unknown
779,10578,47.296,240015725,0.984,,,pedestrian_proximity_only; vertical connectivity unknown
961,10401,29.658,240015151,2.529,,,pedestrian_proximity_only; vertical connectivity unknown
965,10422,40.507,240017421,2.6,,,pedestrian_proximity_only; vertical connectivity unknown
966,10416,16.858,240018363,2.573,,,pedestrian_proximity_only; vertical connectivity unknown
967,10396,20.57,240014978,2.359,,,pedestrian_proximity_only; vertical connectivity unknown
968,10379,21.544,240013147,2.158,,,pedestrian_proximity_only; vertical connectivity unknown
970,10353,23.477,240013487,1.944,,,pedestrian_proximity_only; vertical connectivity unknown
1162,10184,70.244,240017928,3.344,240000020,290000477,pedestrian_proximity_only; vertical connectivity unknown
1164,10211,23.804,240014943,2.107,,,pedestrian_proximity_only; vertical connectivity unknown
1277,10234,44.347,240018491,0.928,,,pedestrian_proximity_only; vertical connectivity unknown
1278,10263,11.114,290048103,1.8,,,pedestrian_proximity_only; vertical connectivity unknown
1279,10520,19.87,290022587,2.414,,,pedestrian_proximity_only; vertical connectivity unknown
1280,10555,38.806,240020229,1.285,,,pedestrian_proximity_only; vertical connectivity unknown
1281,10577,18.22,240019561,1.786,,,pedestrian_proximity_only; vertical connectivity unknown
1282,10596,23.857,240016723,2.054,,,pedestrian_proximity_only; vertical connectivity unknown
1283,10652,24.543,240016034,2.619,,,pedestrian_proximity_only; vertical connectivity unknown
1284,10669,8.49,240015884,1.612,,,pedestrian_proximity_only; vertical connectivity unknown
1289,10206,23.223,240022619,1.467,,,pedestrian_proximity_only; vertical connectivity unknown
1310,10587,41.099,240016494,1.796,,,pedestrian_proximity_only; vertical connectivity unknown
1320,10300,12.734,240014907,3.376,,,pedestrian_proximity_only; vertical connectivity unknown
1321,10434,5.577,240015092,3.917,,,pedestrian_proximity_only; vertical connectivity unknown
1322,10581,26.636,240015549,1.582,,,pedestrian_proximity_only; vertical connectivity unknown
1331,10300,23.213,240014388,3.235,,,pedestrian_proximity_only; vertical connectivity unknown
4020,10355,5.405,240012930,3.548,,,pedestrian_proximity_only; vertical connectivity unknown
4021,10382,21.859,240013020,3.069,,,pedestrian_proximity_only; vertical connectivity unknown
4022,10386,16.127,240015046,3.199,,,pedestrian_proximity_only; vertical connectivity unknown
4024,10424,28.021,240018070,3.318,,,pedestrian_proximity_only; vertical connectivity unknown
4027,10386,29.406,240014989,2.808,,,pedestrian_proximity_only; vertical connectivity unknown
4028,10349,44.497,240013243,1.529,,,pedestrian_proximity_only; vertical connectivity unknown
4049,10372,36.162,240013097,3.28,,,pedestrian_proximity_only; vertical connectivity unknown
4050,10411,20.07,240017881,1.71,,,pedestrian_proximity_only; vertical connectivity unknown
4051,10399,21.232,240013920,4.763,,,pedestrian_proximity_only; vertical connectivity unknown
4052,10376,14.875,240013140,2.385,,,pedestrian_proximity_only; vertical connectivity unknown
4076,10402,46.763,240017535,7.43,,,pedestrian_proximity_only; vertical connectivity unknown
4132,10577,27.054,240019638,2.979,,,pedestrian_proximity_only; vertical connectivity unknown
4147,10620,34.883,240019468,4.348,,,pedestrian_proximity_only; vertical connectivity unknown
4148,10620,13.893,240019396,11.782,,,pedestrian_proximity_only; vertical connectivity unknown
4174,10639,9.531,240016089,0.325,,,pedestrian_proximity_only; vertical connectivity unknown
4231,10401,53.057,240014966,3.382,,,pedestrian_proximity_only; vertical connectivity unknown
4232,10401,56.244,240014115,6.225,,,pedestrian_proximity_only; vertical connectivity unknown
4247,10084,42.241,240013654,6.819,,,pedestrian_proximity_only; vertical connectivity unknown
4248,10211,40.468,240015018,3.124,,,pedestrian_proximity_only; vertical connectivity unknown
4256,10706,157.699,200017129,1.336,,,pedestrian_proximity_only; vertical connectivity unknown
4259,10587,23.314,240016726,3.067,,,pedestrian_proximity_only; vertical connectivity unknown
4264,10706,145.646,200017138,1.078,,,pedestrian_proximity_only; vertical connectivity unknown
4272,10329,19.942,240015101,2.36,,,pedestrian_proximity_only; vertical connectivity unknown
7041,10429,38.325,240018351,2.688,,,pedestrian_proximity_only; vertical connectivity unknown
7082,10434,20.875,240014543,0.611,,,pedestrian_proximity_only; vertical connectivity unknown
9000,10193,16.266,240015308,2.901,,,pedestrian_proximity_only; vertical connectivity unknown
9002,10211,13.903,240014980,2.496,,,pedestrian_proximity_only; vertical connectivity unknown
9003,10396,31.467,240014978,2.546,,,pedestrian_proximity_only; vertical connectivity unknown
9004,10423,22.874,240019190,0.062,,,pedestrian_proximity_only; vertical connectivity unknown
9007,10605,19.444,240016731,2.044,,,pedestrian_proximity_only; vertical connectivity unknown
9009,10367,39.123,290048005,1.809,,,pedestrian_proximity_only; vertical connectivity unknown
9010,10384,27.227,240012031,2.318,,,pedestrian_proximity_only; vertical connectivity unknown
9011,10432,16.649,240013432,0.805,,,pedestrian_proximity_only; vertical connectivity unknown
9012,10426,17.265,290042115,3.384,,,pedestrian_proximity_only; vertical connectivity unknown
9014,10746,51.103,240016095,3.996,,,pedestrian_proximity_only; vertical connectivity unknown
9015,10729,36.388,240016145,4.42,,,pedestrian_proximity_only; vertical connectivity unknown
9016,10141,22.242,240012891,2.433,,,pedestrian_proximity_only; vertical connectivity unknown
9017,10138,16.339,240012986,2.016,,,pedestrian_proximity_only; vertical connectivity unknown
9036,10355,29.642,240012930,3.101,,,pedestrian_proximity_only; vertical connectivity unknown
9038,10283,31.925,240012998,0.064,,,pedestrian_proximity_only; vertical connectivity unknown
9039,10284,15.763,240012928,2.456,,,pedestrian_proximity_only; vertical connectivity unknown
10269,10169,21.925,240014266,3.424,,,pedestrian_proximity_only; vertical connectivity unknown
12352,10315,20.673,240017992,1.049,,,pedestrian_proximity_only; vertical connectivity unknown
12386,10423,27.371,290040707,4.734,,,pedestrian_proximity_only; vertical connectivity unknown
12481,10323,20.534,240018074,0.575,,,pedestrian_proximity_only; vertical connectivity unknown
12726,10252,36.312,240014290,26.209,,,pedestrian_proximity_only; vertical connectivity unknown
12746,10561,7.041,240019750,2.914,,240000103,pedestrian_proximity_only; vertical connectivity unknown
12878,10245,36.144,240014216,0.866,,,pedestrian_proximity_only; vertical connectivity unknown
12885,10634,30.136,240016040,1.979,,,pedestrian_proximity_only; vertical connectivity unknown
12911,10182,17.775,240014296,3.508,,,pedestrian_proximity_only; vertical connectivity unknown
12939,10218,27.592,240023508,0.601,,,pedestrian_proximity_only; vertical connectivity unknown
13077,10558,30.646,240020134,1.452,,,pedestrian_proximity_only; vertical connectivity unknown
13136,10164,42.96,290061191,2.965,,,pedestrian_proximity_only; vertical connectivity unknown
13137,10102,19.956,240011556,0.512,,,pedestrian_proximity_only; vertical connectivity unknown
13236,10366,39.288,290038403,0.667,,,pedestrian_proximity_only; vertical connectivity unknown
13310,10052,21.722,240023273,3.615,,,pedestrian_proximity_only; vertical connectivity unknown
13341,10037,31.087,240023093,2.898,,,pedestrian_proximity_only; vertical connectivity unknown
13342,10099,33.694,999001963,5.724,,,pedestrian_proximity_only; vertical connectivity unknown
13364,10230,14.821,240018326,2.338,,,pedestrian_proximity_only; vertical connectivity unknown
13425,10075,24.868,240023439,0.725,,,pedestrian_proximity_only; vertical connectivity unknown
10000137,10477,49.723,240012344,2.279,,,pedestrian_proximity_only; vertical connectivity unknown
10000247,10111,33.261,999001961,5.029,,,pedestrian_proximity_only; vertical connectivity unknown
10000344,10667,22.485,240019385,0.105,,,pedestrian_proximity_only; vertical connectivity unknown
10000345,10084,45.665,240013664,1.758,,,pedestrian_proximity_only; vertical connectivity unknown
20000411,10520,26.491,290067121,1.92,,,pedestrian_proximity_only; vertical connectivity unknown
20000446,10206,23.341,240022619,1.255,,,pedestrian_proximity_only; vertical connectivity unknown
20000462,10251,38.117,240014947,0.832,,,pedestrian_proximity_only; vertical connectivity unknown
20000476,10526,69.267,240016728,0.284,,,pedestrian_proximity_only; vertical connectivity unknown
20000478,10398,68.159,240015010,0.147,,,pedestrian_proximity_only; vertical connectivity unknown
20000479,10281,23.299,240014414,1.388,,,pedestrian_proximity_only; vertical connectivity unknown
20000482,10339,18.015,240013870,1.508,,,pedestrian_proximity_only; vertical connectivity unknown
20000483,10398,57.729,240015134,0.163,,,pedestrian_proximity_only; vertical connectivity unknown
20000484,10525,94.16,240015850,1.497,,,pedestrian_proximity_only; vertical connectivity unknown
20000685,10526,38.473,240016110,0.168,,,pedestrian_proximity_only; vertical connectivity unknown
20000686,10468,23.696,240014904,0.536,,,pedestrian_proximity_only; vertical connectivity unknown
20000687,10434,30.412,240014543,0.5,,,pedestrian_proximity_only; vertical connectivity unknown
20000688,10329,16.908,240015114,2.568,,,pedestrian_proximity_only; vertical connectivity unknown
20000693,10084,23.909,240013654,6.971,,,pedestrian_proximity_only; vertical connectivity unknown
20000694,10138,16.401,240012986,1.016,,,pedestrian_proximity_only; vertical connectivity unknown
20000696,10186,16.674,240015192,3.14,,,pedestrian_proximity_only; vertical connectivity unknown
20000697,10328,22.307,240014994,2.611,,,pedestrian_proximity_only; vertical connectivity unknown
20000698,10434,7.628,240015092,2.663,,,pedestrian_proximity_only; vertical connectivity unknown
20000700,10525,47.931,240016005,0.385,,,pedestrian_proximity_only; vertical connectivity unknown
20000870,10282,22.495,240013045,0.793,,,pedestrian_proximity_only; vertical connectivity unknown
20000995,10433,33.363,240014576,1.719,,,pedestrian_proximity_only; vertical connectivity unknown
20002222,10377,6.805,240017648,0.604,,,pedestrian_proximity_only; vertical connectivity unknown
20002670,10578,60.762,240015725,0.234,,,pedestrian_proximity_only; vertical connectivity unknown
20002671,10591,26.883,240015580,3.177,,,pedestrian_proximity_only; vertical connectivity unknown
20002816,10182,24.206,240014296,7.66,,,pedestrian_proximity_only; vertical connectivity unknown
20003010,10599,13.835,240015656,9.98,,,pedestrian_proximity_only; vertical connectivity unknown
20003011,10400,43.615,240013259,3.859,,,pedestrian_proximity_only; vertical connectivity unknown
20003076,10581,33.288,240015549,0.442,,,pedestrian_proximity_only; vertical connectivity unknown
20004189,10141,20.61,240012891,3.77,,,pedestrian_proximity_only; vertical connectivity unknown
20006095,10185,22.523,290055251,3.101,,,pedestrian_proximity_only; vertical connectivity unknown
20006099,10169,19.92,240014118,3.827,,,pedestrian_proximity_only; vertical connectivity unknown
20006100,10241,7.424,240017403,2.419,,,pedestrian_proximity_only; vertical connectivity unknown
20006105,10388,19.561,240017445,1.501,,,pedestrian_proximity_only; vertical connectivity unknown
20006918,10315,10.496,240017875,0.816,,,pedestrian_proximity_only; vertical connectivity unknown
20006919,10215,35.34,240017918,1.437,,,pedestrian_proximity_only; vertical connectivity unknown
20007072,10075,18.823,240011234,4.01,,,pedestrian_proximity_only; vertical connectivity unknown
20007073,10102,33.88,240023439,2.13,,,pedestrian_proximity_only; vertical connectivity unknown
20007612,10476,6.332,240011742,5.881,,,pedestrian_proximity_only; vertical connectivity unknown
20009901,10615,50.746,240016244,0.341,,,pedestrian_proximity_only; vertical connectivity unknown
20009904,10261,20.846,240014168,1.189,,,pedestrian_proximity_only; vertical connectivity unknown
20010064,10038,34.116,240023273,3.283,,,pedestrian_proximity_only; vertical connectivity unknown
20010066,10182,26.246,240014296,2.042,,,pedestrian_proximity_only; vertical connectivity unknown
20010067,10088,20.142,999002164,0.061,,,pedestrian_proximity_only; vertical connectivity unknown
20010466,10442,51.807,240014577,0.912,,,pedestrian_proximity_only; vertical connectivity unknown
20010467,10442,70.292,240014577,1.226,,,pedestrian_proximity_only; vertical connectivity unknown
20011781,10468,33.872,240014526,4.731,,,pedestrian_proximity_only; vertical connectivity unknown
20012052,10377,24.816,240017648,5.605,,,pedestrian_proximity_only; vertical connectivity unknown
20012053,10458,49.153,240017545,0.882,,,pedestrian_proximity_only; vertical connectivity unknown
20012054,10471,21.464,240017864,0.836,,,pedestrian_proximity_only; vertical connectivity unknown
20012055,10455,8.179,240017538,1.099,,,pedestrian_proximity_only; vertical connectivity unknown
20012056,10530,3.865,240020146,1.708,,,pedestrian_proximity_only; vertical connectivity unknown
20012135,10485,18.46,240012039,4.213,,,pedestrian_proximity_only; vertical connectivity unknown
20012136,10533,55.532,240015657,0.381,,,pedestrian_proximity_only; vertical connectivity unknown
20012540,10364,32.393,240018283,4.026,,,pedestrian_proximity_only; vertical connectivity unknown
20013199,10236,7.41,240011964,4.325,,,pedestrian_proximity_only; vertical connectivity unknown
20013200,10326,10.764,240012906,3.575,,,pedestrian_proximity_only; vertical connectivity unknown
20013201,10353,15.947,240013056,0.416,,,pedestrian_proximity_only; vertical connectivity unknown
20013207,10283,17.194,240013123,2.922,,,pedestrian_proximity_only; vertical connectivity unknown
20013231,10222,7.845,240013287,1.523,,,pedestrian_proximity_only; vertical connectivity unknown
20013239,10291,14.779,240012211,2.274,,,pedestrian_proximity_only; vertical connectivity unknown
20014287,10343,18.201,240022430,1.326,,,pedestrian_proximity_only; vertical connectivity unknown
20014289,10141,12.047,240013059,1.79,,,pedestrian_proximity_only; vertical connectivity unknown
20014290,10229,24.46,240013287,0.455,,,pedestrian_proximity_only; vertical connectivity unknown
20014291,10268,32.426,240013080,0.113,,,pedestrian_proximity_only; vertical connectivity unknown
20014306,10276,23.032,240010400,1.236,,,pedestrian_proximity_only; vertical connectivity unknown
20014307,10285,32.087,240012211,2.204,,,pedestrian_proximity_only; vertical connectivity unknown
20014308,10295,29.49,240013330,0.194,,,pedestrian_proximity_only; vertical connectivity unknown
20014309,10273,30.093,240012998,0.691,,,pedestrian_proximity_only; vertical connectivity unknown
20014310,10182,26.087,240014296,3.595,,,pedestrian_proximity_only; vertical connectivity unknown
20014311,10263,21.614,290048104,0.979,,,pedestrian_proximity_only; vertical connectivity unknown
20014313,10111,26.92,999000100,1.317,,,pedestrian_proximity_only; vertical connectivity unknown
20014320,10366,41.397,240018284,0.817,,,pedestrian_proximity_only; vertical connectivity unknown
20014321,10555,16.152,240020122,0.761,,,pedestrian_proximity_only; vertical connectivity unknown
20014322,10577,21.944,240019561,1.391,,,pedestrian_proximity_only; vertical connectivity unknown
20014323,10587,18.831,240019541,0.272,,,pedestrian_proximity_only; vertical connectivity unknown
20014328,10663,123.378,200023110,0.309,,,pedestrian_proximity_only; vertical connectivity unknown
20014338,10630,137.325,200017161,0.699,,,pedestrian_proximity_only; vertical connectivity unknown
20014341,10639,9.113,240016089,0.796,,,pedestrian_proximity_only; vertical connectivity unknown
20014342,10587,38.249,240016494,0.58,,,pedestrian_proximity_only; vertical connectivity unknown
20014343,10558,25.332,240019560,1.138,,,pedestrian_proximity_only; vertical connectivity unknown
20016921,10667,23.124,240019661,1.288,,,pedestrian_proximity_only; vertical connectivity unknown
20019966,10099,27.406,999001963,5.586,,,pedestrian_proximity_only; vertical connectivity unknown
20019970,10251,39.016,240014947,1.674,,,pedestrian_proximity_only; vertical connectivity unknown
20019996,10277,15.887,240013295,0.136,,,pedestrian_proximity_only; vertical connectivity unknown
20020066,10265,8.701,240013076,0.195,,,pedestrian_proximity_only; vertical connectivity unknown
20021321,10383,46.978,240014576,1.738,,,pedestrian_proximity_only; vertical connectivity unknown
20022669,10213,34.648,240012007,1.755,,,pedestrian_proximity_only; vertical connectivity unknown
20022674,10251,32.412,240014949,0.108,,,pedestrian_proximity_only; vertical connectivity unknown
80000002,10575,59.654,290022497,2.365,,,pedestrian_proximity_only; vertical connectivity unknown
