stop_id,stop_name,stop_lon,stop_lat,location_type,source_zone_id
193,"[CTB] MAN MING LANE, NATHAN ROAD|[KMB] MAN MING LANE YAU MA TEI",114.17083,22.3115,0,193
216,"[KMB+CTB] PUBLIC SQUARE STREET YAU MA TEI/<BR>PUBLIC SQUARE STREET, NATHAN ROAD|[KMB] PUBLIC SQUARE STREET YAU MA TEI",114.17136,22.30989,0,216
219,[KMB+CTB] CROSS HARBOUR TUNNEL BBI/<BR>CROSS HARBOUR TUNNEL BUS-BUS INTERCHANGE,114.1806,22.30165,0,219
723,"[CTB] MODY ROAD, CHATHAM ROAD SOUTH|[KMB] MODY ROAD TSIM SHA TSUI",114.17582,22.29845,0,723
724,"[CTB] AUSTIN STATION, CANTON ROAD|[KMB] AUSTIN STATION",114.16774,22.30367,0,724
774,"[KMB+CTB] QUEEN ELIZABETH HOSPITAL/<BR>QUEEN ELIZABETH HOSPITAL, WYLIE ROAD|[KMB] QUEEN ELIZABETH HOSPITAL",114.17637,22.30911,0,774
775,"[KMB+CTB] HONG KONG POLYTECHNIC UNIVERSITY PHASE 8/<BR>HONG KONG POLYTECHNIC UNIVERSITY PHASE 8, CHATHAM ROAD NORTH",114.18004,22.30645,0,775
779,"[KMB+CTB] QUEEN ELIZABETH HOSPITAL/<BR>QUEEN ELIZABETH HOSPITAL, WYLIE ROAD|[KMB] QUEEN ELIZABETH HOSPITAL",114.1761,22.30962,0,779
961,"[CTB] KIMBERLEY ROAD, NATHAN ROAD|[KMB] KIMBERLEY ROAD, MIRA PLACE",114.17203,22.30102,0,961
965,"[CTB] KOWLOON HOTEL, NATHAN ROAD|[KMB] TSIM SHA TSUI BBI - MIDDLE ROAD",114.17216,22.29597,0,965
966,"[CTB] HAIPHONG ROAD, NATHAN ROAD|[KMB] TSIM SHA TSUI BBI - HAIPHONG ROAD",114.17205,22.29769,0,966
967,[KMB] AUSTIN ROAD,114.1716,22.30415,0,967
968,"[CTB] NING PO STREET, NATHAN ROAD|[KMB] NING PO STREET YAU MA TEI",114.17137,22.30689,0,968
970,"[CTB] PUBLIC SQUARE STREET, NATHAN ROAD|[KMB+CTB] PUBLIC SQUARE STREET YAU MA TEI/<BR>PUBLIC SQUARE STREET, NATHAN ROAD|[KMB] PUBLIC SQUARE STREET YAU MA TEI",114.17099,22.3107,0,970
1162,[KMB] CHINA FERRY TERMINAL BUS TERMINUS,114.1675,22.30032,0,1162
1164,"[CTB] BATTERY STREET, JORDAN ROAD|[KMB+CTB] BATTERY STREET JORDAN/<BR>BATTERY STREET, JORDAN ROAD|[KMB] BATTERY STREET JORDAN",114.16852,22.30553,0,1164
1277,"[CTB] SILVERCORD, CANTON ROAD|[KMB] SILVERCORD, CANTON ROAD",114.16898,22.29763,0,1277
1278,"[CTB] PEKING ROAD, CANTON ROAD|[KMB+CTB] PEKING ROAD, CANTON ROAD/<BR>PEKING ROAD, CANTON ROAD|[KMB] PEKING ROAD, CANTON ROAD",114.16944,22.2955,0,1278
1279,"[CTB] EAST TSIM SHA TSUI STATION, SALISBURY ROAD|[KMB+CTB] EAST TSIM SHA TSUI STATION, K11  MUSEA/<BR>EAST TSIM SHA TSUI STATION, SALISBURY ROAD|[KMB] EAST TSIM SHA TSUI STATION, K11  MUSEA",114.17443,22.29517,0,1279
1280,[KMB] MODY ROAD TSIM SHA TSUI,114.17547,22.29776,0,1280
1281,"[CTB] GRANVILLE ROAD, CHATHAM ROAD SOUTH|[KMB] GRANVILLE ROAD",114.17587,22.29988,0,1281
1282,"[CTB] HONG KONG SCIENCE MUSEUM, CHATHAM ROAD SOUTH|[KMB] HONG KONG SCIENCE MUSEUM",114.17636,22.30136,0,1282
1283,[KMB] H.K. POLYTECHNIC UNIVERSITY,114.17802,22.30272,0,1283
1284,[CTB] TSIM SHA TSUI EAST|[KMB] TSIM SHA TSUI EAST BUS TERMINUS,114.17844,22.3018,0,1284
1289,"[CTB] CHINA HONG KONG CITY, CANTON ROAD|[KMB] CHINA HONG KONG CITY, XIQU CENTRE",114.1681,22.30052,0,1289
1310,"[CTB] HONG KONG SCIENCE MUSEUM, CHATHAM ROAD SOUTH|[KMB] HONG KONG SCIENCE MUSEUM",114.17653,22.30108,0,1310
1320,[KMB] TEMPLE STREET JORDAN,114.17004,22.30539,0,1320
1321,"[CTB] CHI WO STREET, JORDAN ROAD|[KMB] CHI WO STREET JORDAN",114.17257,22.30592,0,1321
1322,"[CTB] WYLIE ROAD, GASCOIGNE ROAD|[KMB] WYLIE ROAD",114.17611,22.30671,0,1322
1331,"[CTB] TEMPLE STREET, JORDAN ROAD|[KMB] WOOSUNG STREET, TEMPLE STREET NIGHT MARKET",114.16995,22.30522,0,1331
4020,[KMB] WING SING LANE YAU MA TEI,114.17109,22.31125,0,4020
4021,[KMB] CHEONG LOK STREET YAU MA TEI,114.17159,22.30673,0,4021
4022,"[CTB] PRUDENTIAL CENTRE, NATHAN ROAD|[KMB] TAK SHING STREET TSIM SHA TSUI",114.17179,22.30438,0,4022
4024,"[CTB] MIDDLE ROAD, NATHAN ROAD|[KMB] TSIM SHA TSUI BBI - MIDDLE ROAD",114.17238,22.29585,0,4024
4027,"[CTB] JORDAN STATION, NATHAN ROAD|[KMB] BOWRING STREET, PRUDENTIAL CENTRE",114.17157,22.30465,0,4027
4028,"[CTB] KOWLOON CENTRAL POST OFFICE, NATHAN ROAD|[KMB] KOWLOON CENTRAL POST OFFICE",114.17116,22.30895,0,4028
4049,"[CTB] NATHAN HOTEL, NATHAN ROAD|[KMB] SAIGON STREET YAU MA TEI",114.17152,22.30741,0,4049
4050,"[CTB] KOWLOON MOSQUE, NATHAN ROAD|[KMB] KOWLOON MOSQUE|[NLB] KOWLOON PARK",114.17197,22.29878,0,4050
4051,"[CTB] TSIM SHA TSUI POLICE STATION, NATHAN ROAD|[KMB] TSIM SHA TSUI POLICE STATION",114.17172,22.30281,0,4051
4052,"[CTB] NANKING STREET, NATHAN ROAD|[KMB] NANKING STREET, JORDAN STATION",114.17142,22.30639,0,4052
4076,"[CTB] KIMBERLEY ROAD, NATHAN ROAD|[KMB] KIMBERLEY ROAD",114.1719,22.29999,0,4076
4132,"[KMB+CTB] GRANVILLE ROAD/<BR>GRANVILLE ROAD, CHATHAM ROAD SOUTH|[KMB] GRANVILLE ROAD",114.17593,22.30004,0,4132
4147,"[CTB] AVENUE OF STARS, SALISBURY ROAD|[KMB] WING ON PLAZA, AVENUE OF STARS",114.177,22.2963,0,4147
4148,"[CTB] WING ON PLAZA, SALISBURY ROAD|[KMB] WING ON PLAZA, AVENUE OF STARS",114.17693,22.29656,0,4148
4174,[KMB] HK MUSEUM OF HISTORY,114.17759,22.30264,0,4174
4231,[KMB] ST. ANDREW'S CHURCH,114.17197,22.30175,0,4231
4232,"[CTB] PARK LANE SHOPPER'S BOULEVARD, NATHAN ROAD|[KMB] PARK LANE",114.17176,22.30175,0,4232
4247,"[CTB] AUSTIN STATION, JORDAN ROAD|[KMB+CTB] JORDAN ROAD, HIGH SPEED RAIL STATION/<BR>AUSTIN STATION, JORDAN ROAD|[KMB] JORDAN ROAD, HIGH SPEED RAIL STATION",114.16631,22.30617,0,4247
4248,"[CTB] SHANGHAI STREET, JORDAN ROAD|[KMB] SHANGHAI STREET, TEMPLE STREET NIGHT MARKET",114.1688,22.30567,0,4248
4256,"[CTB] HOLY TRINITY CHURCH SECONDARY SCHOOL, CHUNG HAU STREET|[KMB+CTB] HOLY TRINITY CHURCH SECONDARY SCHOOL/<BR>HOLY TRINITY CHURCH SECONDARY SCHOOL, CHUNG HAU STREET|[KMB] HOLY TRINITY CHURCH SECONDARY SCHOOL",114.18021,22.31003,0,4256
4259,"[KMB] GOLDEN MANSION, HONG KONG SCIENCE MUSEUM",114.17626,22.30104,0,4259
4264,"[CTB] CARMEL SECONDARY SCHOOL, CHUNG HAU STREET|[KMB+CTB] CARMEL SECONDARY SCHOOL/<BR>CARMEL SECONDARY SCHOOL, CHUNG HAU STREET|[KMB] CARMEL SECONDARY SCHOOL",114.18032,22.30974,0,4264
4272,"[CTB] PARKES STREET, JORDAN ROAD|[KMB+CTB] PARKES STREET, TEMPLE STREET NIGHT MARKET/<BR>PARKES STREET, JORDAN ROAD|[KMB] PARKES STREET, TEMPLE STREET NIGHT MARKET",114.17039,22.30514,0,4272
7041,"[CTB] CAMERON ROAD, NATHAN ROAD|[KMB] CAMERON ROAD, KOWLOON MOSQUE",114.17216,22.29904,0,7041
7082,"[CTB] KOWLOON UNION CHURCH, JORDAN ROAD|[KMB+CTB] KOWLOON UNION CHURCH/<BR>KOWLOON UNION CHURCH, JORDAN ROAD|[KMB] KOWLOON UNION CHURCH",114.17266,22.30573,0,7082
9000,"[CTB] XIQU CENTRE, CANTON ROAD|[KMB] AUSTIN ROAD, XIQU CENTRE",114.16817,22.30135,0,9000
9002,[KMB] BATTERY STREET JORDAN,114.1683,22.30579,0,9002
9003,"[CTB] AUSTIN ROAD, NATHAN ROAD|[KMB] AUSTIN ROAD",114.17163,22.3038,0,9003
9004,"[CTB] PENINSULA HOTEL, NATHAN ROAD|[KMB] TSIM SHA TSUI BBI - PENINSULA HOTEL",114.17221,22.29519,0,9004
9007,"[KMB+CTB] HONG KONG SCIENCE MUSEUM/<BR>HONG KONG SCIENCE MUSEUM, CHATHAM ROAD SOUTH",114.17651,22.3018,0,9007
9009,[KMB] KOWLOON CENTRAL POST OFFICE,114.17109,22.30968,0,9009
9010,[KMB] GASCOIGNE ROAD,114.17138,22.30888,0,9010
9011,"[CTB] DIOCESAN GIRLS' SCHOOL, GASCOIGNE ROAD|[KMB+CTB] DIOCESAN GIRLS' SCHOOL/<BR>DIOCESAN GIRLS' SCHOOL, GASCOIGNE ROAD|[KMB] DIOCESAN GIRLS' SCHOOL",114.17268,22.30766,0,9011
9012,"[CTB] LABOUR TRIBUNAL, GASCOIGNE ROAD|[KMB+CTB] LABOUR TRIBUNAL/<BR>LABOUR TRIBUNAL, GASCOIGNE ROAD|[KMB] LABOUR TRIBUNAL",114.17257,22.30802,0,9012
9014,[CTB] CROSS HARBOUR TUNNEL BUS-BUS INTERCHANGE|[KMB+CTB] CROSS HARBOUR TUNNEL BBI/<BR>CROSS HARBOUR TUNNEL BUS-BUS INTERCHANGE|[KMB] CROSS HARBOUR TUNNEL BBI,114.18095,22.30304,0,9014
9015,[CTB] CROSS HARBOUR TUNNEL BUS-BUS INTERCHANGE|[KMB+CTB] CROSS HARBOUR TUNNEL BBI/<BR>CROSS HARBOUR TUNNEL BUS-BUS INTERCHANGE|[KMB] CROSS HARBOUR TUNNEL BBI,114.18026,22.3031,0,9015
9016,[KMB] FERRY STREET,114.16743,22.30718,0,9016
9017,[KMB+CTB] FERRY STREET/<BR>FERRY STREET|[KMB] FERRY STREET,114.16719,22.30716,0,9017
9036,"[CTB] WING SING LANE, NATHAN ROAD|[KMB] WING SING LANE YAU MA TEI",114.17105,22.31148,0,9036
9038,"[CTB] SAIGON STREET, SHANGHAI STREET|[KMB] SAIGON STREET",114.16976,22.30714,0,9038
9039,"[CTB] WING SING LANE, SHANGHAI STREET|[KMB] WING SING LANE",114.16983,22.31091,0,9039
10269,"[CTB] WUI CHEUNG ROAD, CANTON ROAD|[KMB+CTB] WUI CHEUNG ROAD, HIGH SPEED RAIL STATION/<BR>WUI CHEUNG ROAD, CANTON ROAD|[KMB] WUI CHEUNG ROAD, HIGH SPEED RAIL STATION",114.1679,22.30412,0,10269
12352,[CTB] KOWLOON PARK DRIVE|[KMB] KOWLOON PARK DRIVE,114.17021,22.29592,0,12352
12386,[KMB] TSIM SHA TSUI BBI - MIDDLE ROAD,114.17242,22.29522,0,12386
12481,"[CTB] PEKING ROAD, KOWLOON PARK DRIVE",114.17053,22.29571,0,12481
12726,[XB] AUSTIN ROAD CROSS BORDER COACH TERMINUS,114.16941,22.30263,0,12726
12746,[CTB] TSIM SHA TSUI (MODY ROAD)|[KMB+CTB] TSIM SHA TSUI EAST (MODY ROAD)/<BR>TSIM SHA TSUI (MODY ROAD)|[KMB] TSIM SHA TSUI EAST (MODY ROAD),114.17577,22.29655,0,12746
12878,[XB] SHANGHAI STREET OUTSIDE HOUSE NO. 28,114.16923,22.30391,0,12878
12885,"[CTB] HONG KONG POLYTECHNIC UNIVERSITY, CHATHAM ROAD SOUTH|[KMB] H.K. POLYTECHNIC UNIVERSITY",114.17772,22.30341,0,12885
12911,"[KMB+CTB] AUSTIN ROAD, XIQU CENTRE/<BR>AUSTIN ROAD, CANTON ROAD|[KMB] AUSTIN ROAD, XIQU CENTRE",114.16811,22.3023,0,12911
12939,"[CTB] CHINA HONG KONG CITY, KOWLOON PARK DRIVE",114.16878,22.30007,0,12939
13077,"[CTB] MODY ROAD, CHATHAM ROAD SOUTH",114.17558,22.29847,0,13077
13136,[KMB] KANSU STREET,114.16785,22.30883,0,13136
13137,[CTB] YAN CHEUNG ROAD|[KMB+CTB] YAN CHEUNG ROAD/<BR>YAN CHEUNG ROAD|[KMB] YAN CHEUNG ROAD,114.16617,22.30879,0,13137
13236,[CTB] THE PENINSULA,114.1712,22.2952,0,13236
13310,"[CTB] AUSTIN STATION, JORDAN ROAD|[KMB] JORDAN ROAD, HIGH SPEED RAIL STATION",114.16488,22.30621,0,13310
13341,[CTB] HSR WEST KOWLOON STATION|[KMB] HIGH SPEED RAIL WEST KOWLOON STATION BUS TERMINUS,114.16446,22.30684,0,13341
13342,"[KMB+CTB] WEST KOWLOON STATION/<BR>HSR WEST KOWLOON STATION B&A AREA, WUI MAN ROAD|[KMB] WEST KOWLOON STATION",114.16652,22.30402,0,13342
13364,"[KMB] CANTON ROAD, GATEWAY HOTEL",114.16885,22.29817,0,13364
13425,[KMB+CTB] YAN CHEUNG ROAD/<BR>YAN CHEUNG ROAD,114.16574,22.30886,0,13425
10000137,[KMB] LABOUR TRIBUNAL,114.17358,22.3075,0,10000137
10000247,[KMB] HIGH SPEED RAIL (WEST KOWLOON STATION),114.16658,22.30392,0,10000247
10000344,"[CTB] EAST TSIM SHA TSUI, MODY ROAD",114.17861,22.29879,0,10000344
10000345,"[CTB] AUSTIN STATION, JORDAN ROAD|[KMB] JORDAN ROAD, HIGH SPEED RAIL STATION",114.16632,22.30593,0,10000345
20000411,"SALISBURY ROAD, NEAR MIDDLE ROAD CHILDREN'S PLAYGROUND|MIDDLE ROAD CHILDREN'S PLAYGROUND",114.17435,22.29515,0,20000411
20000446,"CANTON ROAD, NEAR CHINA HONG KONG CITY TOWER 6|CANTON ROAD OUTSIDE CHINA HONG KONG CITY",114.16811,22.30049,0,20000446
20000462,"JORDAN ROAD, NEAR LUEN TAK BUILDING",114.16883,22.30545,0,20000462
20000476,"AUSTIN ROAD, NEAR GARDEN MANSION",114.17549,22.30334,0,20000476
20000478,"AUSTIN ROAD, NEAR YIU KEI MANSION",114.17248,22.30322,0,20000478
20000479,"AUSTIN ROAD, NEAR BP INTERNATIONAL HOUSE",114.1699,22.30302,0,20000479
20000482,"AUSTIN ROAD, NEAR LUCKY BUILDING",114.17052,22.30324,0,20000482
20000483,"AUSTIN ROAD, NEAR TAK SUN SCHOOL",114.17237,22.30336,0,20000483
20000484,"AUSTIN ROAD, NEAR GUN CLUB HILL BARRACKS BLOCK 14",114.17573,22.30347,0,20000484
20000685,"AUSTIN ROAD, NEAR AUSTIN TOWER",114.17519,22.30333,0,20000685
20000686,"AUSTIN ROAD, NEAR GOLDEN GATE COMMERCIAL BUILDING",114.17388,22.30332,0,20000686
20000687,"JORDAN ROAD, NEAR KOWLOON UNION CHURCH",114.17255,22.30565,0,20000687
20000688,"JORDAN ROAD, NEAR KAM SHING BUILDING",114.17042,22.30514,0,20000688
20000693,"JORDAN ROAD, NEAR FERRY STREET",114.16603,22.30627,0,20000693
20000694,"FERRY STREET, OUTSIDE MAN YING BUILDING|FERRY STREET, NEAR MAN YING BUILDING",114.16718,22.30716,0,20000694
20000696,"JORDAN ROAD, NEAR SHUI HEUNG YUEN APARTMENTS",114.16814,22.30582,0,20000696
20000697,"JORDAN ROAD, NEAR PAK SHING BUILDING",114.17037,22.30534,0,20000697
20000698,"JORDAN ROAD, NEAR ULTRAGRACE COMMERCIAL BUILDING",114.17255,22.30592,0,20000698
20000700,"AUSTIN ROAD, NEAR AUSTIN ROAD SUBSTATION",114.17528,22.30347,0,20000700
20000870,"NO.312 SHANGHAI STREET|SHANGHAI STREET, NEAR MAN MING LANE REST GARDEN",114.16975,22.31142,0,20000870
20000995,"NANKING STREET, OUTSIDE DAVID HOUSE (JORDAN STATION)",114.1723,22.30621,0,20000995
20002222,"HAIPHONG ROAD, JUNCTION WITH LOCK ROAD",114.17148,22.2982,0,20002222
20002670,"QUEEN ELIZABETH HOSPITAL, BLOCK G ",114.17612,22.3095,0,20002670
20002671,"QUEEN ELIZABETH HOSPITAL, HK JOCKEY CLUB INSTITUTE OF RADIOTHERAPY AND ONCOLOGY",114.17639,22.30901,0,20002671
20002816,CANTON ROAD OUTSIDE VICTORIA TOWERS|CANTON ROAD OUTSIDE THE VICTORIA TOWERS,114.16811,22.30246,0,20002816
20003010,PARC PALAIS ACCESS ROAD,114.17657,22.31097,0,20003010
20003011,PAK HOI STREET,114.17188,22.30784,0,20003011
20003076,"GASCOIGNE ROAD NO.20, CLUB DE RECREIO",114.17602,22.30675,0,20003076
20004189,FERRY STREET HOUSE NO. 28,114.16747,22.30738,0,20004189
20006095,CANTON ROAD O/P GEROGE V MEMORIAL PARK,114.16775,22.30364,0,20006095
20006099,CANTON ROAD OUTSIDE GEROGE V MEMORIAL PARK,114.16787,22.30421,0,20006099
20006100,CANTON ROAD OUTSIDE LIPPO SUN PLAZA,114.16916,22.29677,0,20006100
20006105,PEKING ROAD OUTSIDE MARY BUILDING,114.17149,22.29633,0,20006105
20006918,BUS STOP ON KOWLOON PARK DRIVE NORTHBOUND,114.17024,22.29576,0,20006918
20006919,CANTON ROAD OUTSIDE CHINA HONG KONG CENTRE,114.16869,22.29909,0,20006919
20007072,"YAN CHEUNG ROAD, OUTSIDE THE CORONATION",114.16567,22.3091,0,20007072
20007073,"YAN CHEUNG ROAD, NEAR HOI WANG ROAD|YAN CHEUNG ROAD, OPPOSITE THE CORONATION",114.166,22.30883,0,20007073
20007612,"NIGHTINGALE ROAD, NEAR QUEEN ELIZABETH HOSPITAL M BLOCK",114.17395,22.30893,0,20007612
20009901,"AUSTIN ROAD, NEAR ST. MARY'S CANOSSIAN COLLEGE",114.17652,22.30315,0,20009901
20009904,"AUSTIN ROAD, NEAR CHONG TAK BUILDING",114.16948,22.30318,0,20009904
20010064,"JORDAN ROAD, NEAR WEST KOWLOON STATION",114.16465,22.3062,0,20010064
20010066,"CANTON ROAD, NEAR THE VICTORIA TOWER",114.1681,22.30213,0,20010066
20010067,"AUSTIN ROAD WEST, NEAR WEST KOWLOON STATION",114.16606,22.3025,0,20010067
20010466,"COX'S ROAD, NEAR CARMEN'S GARDEN",114.17324,22.30572,0,20010466
20010467,"COX'S ROAD, NEAR CARMEN'S GARDEN",114.17329,22.30555,0,20010467
20011781,"COX'S ROAD, NEAR KOWLOON BOWLING GREEN CLUB",114.17359,22.30367,0,20011781
20012052,"HAIPHONG ROAD, OPPOSITE HOIPHONG MANSION",114.17175,22.29816,0,20012052
20012053,"HUMPHREYS AVENUE, OUTSIDE HUMPHREY PLAZA",114.17298,22.29825,0,20012053
20012054,"CARNARVON ROAD, OUTSIDE GOLDEN GLORY MANSION",114.17366,22.29878,0,20012054
20012055,"GRANVILLE ROAD, OUTSIDE TAURUS BUILDING",114.17345,22.2999,0,20012055
20012056,"GRANVILLE ROAD, OUTSIDE HING MING BUILDING",114.17496,22.30026,0,20012056
20012135,"QUEEN ELIZABETH HOSPITAL ROAD, NEAR QUEEN ELIZABETH HOSPITAL SCHOOL OF GENERAL NURSING",114.17386,22.30843,0,20012135
20012136,"QUEEN ELIZABETH HOSPITAL ROAD, NEAR QUEEN ELIZABETH HOSPITAL BLOCK K",114.17553,22.30879,0,20012136
20012540,HANKOW ROAD,114.17125,22.29605,0,20012540
20013199,"PUBLIC SQUARE STREET, NEAR PROSPEROUS GARDEN",114.16907,22.30997,0,20013199
20013200,"WING SING LANE, NEAR ARTHUR COMMERCIAL BUILDING",114.17045,22.31084,0,20013200
20013201,"NATHAN ROAD, NEAR WING SING LANE",114.17091,22.31103,0,20013201
20013207,"SHANGHAI STREET, NEAR SAIGON STREET",114.16984,22.30756,0,20013207
20013231,"CANTON ROAD, NEAR PAK HOI STREET",114.16857,22.30836,0,20013231
20013239,"SHANGHAI STREET, NEAR SILKA SEAVIEW HOTEL",114.16997,22.31021,0,20013239
20014287,"ASHLEY ROAD, NEAR PEKING ROAD SITTING-OUT AREA|ASHLEY ROAD, NEAR PEKING ROAD SITTING-OUT AREA",114.17073,22.29565,0,20014287
20014289,"FERRY STREET, NEAR MAN YUEN BUILDING",114.16726,22.30743,0,20014289
20014290,"CANTON ROAD, NEAR YAU MA TEI 400KV SUBSTATION",114.16867,22.30879,0,20014290
20014291,"RECLAMATION STREET, NEAR JOLLY GARDEN",114.16936,22.31034,0,20014291
20014306,"SHANGHAI STREET, NEAR ON KU HOUSE",114.16965,22.31192,0,20014306
20014307,"SHANGHAI STREET, OUTSIDE SILKA SEAVIEW HOTEL",114.16994,22.31037,0,20014307
20014308,"SHANGHAI STREET, NEAR YAU MA TEI COMMUNITY CENTRE REST GARDEN",114.17007,22.30979,0,20014308
20014309,SHANGHAI STREET OUTSIDE HOUSE NO. 164,114.16974,22.30704,0,20014309
20014310,"CANTON ROAD, NEAR THE VICTORIA TOWERS TOWER 2",114.16815,22.30244,0,20014310
20014311,"CANTON ROAD, OUTSIDE 1881 HERITAGE",114.16946,22.2954,0,20014311
20014313,"WUI MAN ROAD, OUTSIDE AUSTIN STATION EXIT D",114.16668,22.30348,0,20014313
20014320,"HANKOW ROAD, NEAR KAI SENG COMMERCIAL CENTRE",114.17129,22.29592,0,20014320
20014321,"CHATHAM ROAD SOUTH, NEAR WINDSOR MANSION",114.1755,22.29797,0,20014321
20014322,"CHATHAM ROAD SOUTH, NEAR PARK HOTEL",114.17582,22.29982,0,20014322
20014323,"CHATHAM ROAD SOUTH, NEAR CHINA MINMETALS TOWER",114.17612,22.3007,0,20014323
20014328,"CHUNG HAU STREET, NEAR SHUN MAN HOUSE, OI MAN ESTATE",114.1791,22.31097,0,20014328
20014338,"CHUNG HAU STREET, NEAR SUN MAN HOUSE, OI MAN ESTATE",114.1786,22.31176,0,20014338
20014341,"CHEONG WAN ROAD, NEAR HONG KONG MUSEUM OF HISTORY",114.1776,22.30264,0,20014341
20014342,"CHATHAM ROAD SOUTH, NEAR HONG KONG SCIENCE MUSEUM",114.17653,22.30104,0,20014342
20014343,"CHATHAM ROAD SOUTH, NEAR URBAN COUNCIL CENTENARY GARDEN",114.17587,22.29858,0,20014343
20016921,"MODY ROAD, NEAR MODY ROAD GARDEN",114.1786,22.2987,0,20016921
20019966,"WUI MAN ROAD, OUTSIDE HONG KONG WEST KOWLOON STATION (SPECIAL DEPARTURES ONLY)",114.16649,22.30408,0,20019966
20019970,JORDAN ROAD OUTSIDE HOUSE NO. 40,114.16882,22.30546,0,20019970
20019996,"KANSU STREET, OUTSIDE YAU MA TEI MARKET",114.16949,22.30876,0,20019996
20020066,RECLAIMATION STREET NEAR WING SING LANE,114.16931,22.3106,0,20020066
20021321,NANKING STREET,114.17206,22.30619,0,20021321
20022669,"CANTON ROAD, NEAR SAIGON STREET",114.16834,22.30743,0,20022669
20022674,HOUSE NO. 38 JORDON ROAD,114.16889,22.30543,0,20022674
80000002,Tsim Sha Tsui Landing No.1 (i.e. waterfront outside the Avenue of Stars in Tsim Sha Tsui East),114.17639,22.29517,0,80000002
