source_geoid,source_name,county_file,population_estimate,population_moe,households_estimate,households_moe,source_area_m2,core_overlap_area_m2,core_area_share,population_estimate_in_core_area_weighted,households_estimate_in_core_area_weighted,acs_release,allocation_method,source_id
15000US250250101031,"BG 1, Tract 101.03, Suffolk, MA",suffolk_025,957.0,240.0,232.0,83.0,101464.29033656724,85583.65483476808,0.8434854720895253,807.2155967896757,195.68862952476988,ACS 2024 5-year (2020-2024),uniform_within_block_group_area_intersection,acs2024_5yr_bg_census_reporter_mirror
15000US250250101032,"BG 2, Tract 101.03, Suffolk, MA",suffolk_025,1194.0,270.0,46.0,40.0,41699.10907937294,41699.109079372945,1.0000000000000002,1194.0000000000002,46.00000000000001,ACS 2024 5-year (2020-2024),uniform_within_block_group_area_intersection,acs2024_5yr_bg_census_reporter_mirror
15000US250250101033,"BG 3, Tract 101.03, Suffolk, MA",suffolk_025,1729.0,224.0,58.0,35.0,144911.7371905565,53501.55843817892,0.36920100107436615,638.3485308575791,21.413658062313235,ACS 2024 5-year (2020-2024),uniform_within_block_group_area_intersection,acs2024_5yr_bg_census_reporter_mirror
15000US250250101041,"BG 1, Tract 101.04, Suffolk, MA",suffolk_025,1175.0,274.0,611.0,166.0,98842.68124894798,98842.68124894793,0.9999999999999996,1174.9999999999995,610.9999999999998,ACS 2024 5-year (2020-2024),uniform_within_block_group_area_intersection,acs2024_5yr_bg_census_reporter_mirror
15000US250250101042,"BG 2, Tract 101.04, Suffolk, MA",suffolk_025,2576.0,250.0,455.0,145.0,84380.46635509565,84380.46635509563,0.9999999999999998,2575.9999999999995,454.9999999999999,ACS 2024 5-year (2020-2024),uniform_within_block_group_area_intersection,acs2024_5yr_bg_census_reporter_mirror
15000US250250101043,"BG 3, Tract 101.04, Suffolk, MA",suffolk_025,885.0,221.0,510.0,174.0,103380.38062061007,103380.38062061009,1.0000000000000002,885.0000000000002,510.0000000000001,ACS 2024 5-year (2020-2024),uniform_within_block_group_area_intersection,acs2024_5yr_bg_census_reporter_mirror
15000US250250102041,"BG 1, Tract 102.04, Suffolk, MA",suffolk_025,1084.0,122.0,86.0,55.0,39788.0945300562,29142.207060109788,0.7324353529444735,793.9599225918092,62.98944035322472,ACS 2024 5-year (2020-2024),uniform_within_block_group_area_intersection,acs2024_5yr_bg_census_reporter_mirror
15000US250250102042,"BG 2, Tract 102.04, Suffolk, MA",suffolk_025,1318.0,306.0,351.0,133.0,68315.54260050734,4111.641716967431,0.06018603615594933,79.32519565354121,21.125298690738216,ACS 2024 5-year (2020-2024),uniform_within_block_group_area_intersection,acs2024_5yr_bg_census_reporter_mirror
15000US250250102043,"BG 3, Tract 102.04, Suffolk, MA",suffolk_025,771.0,164.0,525.0,132.0,145915.37501411792,145805.08728735524,0.9992441665125967,770.417252381212,524.6031874191133,ACS 2024 5-year (2020-2024),uniform_within_block_group_area_intersection,acs2024_5yr_bg_census_reporter_mirror
15000US250250102051,"BG 1, Tract 102.05, Suffolk, MA",suffolk_025,824.0,354.0,514.0,199.0,45355.09941710036,45355.09941710034,0.9999999999999996,823.9999999999997,513.9999999999998,ACS 2024 5-year (2020-2024),uniform_within_block_group_area_intersection,acs2024_5yr_bg_census_reporter_mirror
15000US250250102052,"BG 2, Tract 102.05, Suffolk, MA",suffolk_025,913.0,409.0,674.0,372.0,40486.981609957635,40486.98160995763,0.9999999999999998,912.9999999999998,673.9999999999999,ACS 2024 5-year (2020-2024),uniform_within_block_group_area_intersection,acs2024_5yr_bg_census_reporter_mirror
15000US250250102053,"BG 3, Tract 102.05, Suffolk, MA",suffolk_025,1259.0,366.0,800.0,197.0,37556.97095600708,37556.97095600707,0.9999999999999998,1258.9999999999998,799.9999999999998,ACS 2024 5-year (2020-2024),uniform_within_block_group_area_intersection,acs2024_5yr_bg_census_reporter_mirror
15000US250250102054,"BG 4, Tract 102.05, Suffolk, MA",suffolk_025,861.0,284.0,573.0,195.0,59354.83012828444,59354.83012828443,0.9999999999999999,860.9999999999999,572.9999999999999,ACS 2024 5-year (2020-2024),uniform_within_block_group_area_intersection,acs2024_5yr_bg_census_reporter_mirror
15000US250250102061,"BG 1, Tract 102.06, Suffolk, MA",suffolk_025,1405.0,692.0,738.0,363.0,115987.6840714846,115987.68407148456,0.9999999999999997,1404.9999999999995,737.9999999999998,ACS 2024 5-year (2020-2024),uniform_within_block_group_area_intersection,acs2024_5yr_bg_census_reporter_mirror
15000US250250102062,"BG 2, Tract 102.06, Suffolk, MA",suffolk_025,716.0,178.0,489.0,105.0,67510.25442137163,67510.25442137163,1.0,716.0,489.0,ACS 2024 5-year (2020-2024),uniform_within_block_group_area_intersection,acs2024_5yr_bg_census_reporter_mirror
15000US250250103001,"BG 1, Tract 103, Suffolk, MA",suffolk_025,1456.0,371.0,130.0,55.0,146512.76194005753,146512.76194005756,1.0000000000000002,1456.0000000000002,130.00000000000003,ACS 2024 5-year (2020-2024),uniform_within_block_group_area_intersection,acs2024_5yr_bg_census_reporter_mirror
15000US250250103002,"BG 2, Tract 103, Suffolk, MA",suffolk_025,3861.0,348.0,153.0,44.0,360467.8114972991,231681.48580384697,0.6427244775102003,2481.5592076668836,98.33684505906065,ACS 2024 5-year (2020-2024),uniform_within_block_group_area_intersection,acs2024_5yr_bg_census_reporter_mirror
15000US250250104031,"BG 1, Tract 104.03, Suffolk, MA",suffolk_025,864.0,301.0,606.0,164.0,36938.331365543476,36938.331365543476,1.0,864.0,606.0,ACS 2024 5-year (2020-2024),uniform_within_block_group_area_intersection,acs2024_5yr_bg_census_reporter_mirror
15000US250250104032,"BG 2, Tract 104.03, Suffolk, MA",suffolk_025,931.0,458.0,535.0,180.0,25361.93171467547,25361.931714675466,0.9999999999999999,930.9999999999999,534.9999999999999,ACS 2024 5-year (2020-2024),uniform_within_block_group_area_intersection,acs2024_5yr_bg_census_reporter_mirror
15000US250250104033,"BG 3, Tract 104.03, Suffolk, MA",suffolk_025,701.0,193.0,469.0,125.0,26266.699016549483,26266.69901654948,0.9999999999999999,700.9999999999999,468.99999999999994,ACS 2024 5-year (2020-2024),uniform_within_block_group_area_intersection,acs2024_5yr_bg_census_reporter_mirror
15000US250250104041,"BG 1, Tract 104.04, Suffolk, MA",suffolk_025,1534.0,264.0,146.0,72.0,34895.08108602546,34895.08108602546,1.0,1534.0,146.0,ACS 2024 5-year (2020-2024),uniform_within_block_group_area_intersection,acs2024_5yr_bg_census_reporter_mirror
15000US250250104042,"BG 2, Tract 104.04, Suffolk, MA",suffolk_025,1489.0,258.0,305.0,78.0,38390.99199099198,38390.99199099197,0.9999999999999998,1488.9999999999998,304.99999999999994,ACS 2024 5-year (2020-2024),uniform_within_block_group_area_intersection,acs2024_5yr_bg_census_reporter_mirror
15000US250250104043,"BG 3, Tract 104.04, Suffolk, MA",suffolk_025,1094.0,299.0,511.0,161.0,26578.259330000474,26578.25933000047,0.9999999999999999,1093.9999999999998,510.99999999999994,ACS 2024 5-year (2020-2024),uniform_within_block_group_area_intersection,acs2024_5yr_bg_census_reporter_mirror
15000US250250104044,"BG 4, Tract 104.04, Suffolk, MA",suffolk_025,559.0,168.0,295.0,101.0,37069.09588461802,37069.09588461803,1.0000000000000002,559.0000000000001,295.00000000000006,ACS 2024 5-year (2020-2024),uniform_within_block_group_area_intersection,acs2024_5yr_bg_census_reporter_mirror
15000US250250104051,"BG 1, Tract 104.05, Suffolk, MA",suffolk_025,3545.0,230.0,43.0,56.0,240492.26159265472,240492.26159265472,1.0,3545.0,43.0,ACS 2024 5-year (2020-2024),uniform_within_block_group_area_intersection,acs2024_5yr_bg_census_reporter_mirror
15000US250250104052,"BG 2, Tract 104.05, Suffolk, MA",suffolk_025,2351.0,528.0,507.0,134.0,84572.84087830306,84572.84087830308,1.0000000000000002,2351.0000000000005,507.0000000000001,ACS 2024 5-year (2020-2024),uniform_within_block_group_area_intersection,acs2024_5yr_bg_census_reporter_mirror
15000US250250104053,"BG 3, Tract 104.05, Suffolk, MA",suffolk_025,1028.0,349.0,366.0,118.0,39975.934227388556,39975.93422738854,0.9999999999999997,1027.9999999999995,365.9999999999999,ACS 2024 5-year (2020-2024),uniform_within_block_group_area_intersection,acs2024_5yr_bg_census_reporter_mirror
15000US250250104081,"BG 1, Tract 104.08, Suffolk, MA",suffolk_025,1330.0,198.0,879.0,90.0,43389.3274517908,43389.32745179081,1.0000000000000002,1330.0000000000002,879.0000000000002,ACS 2024 5-year (2020-2024),uniform_within_block_group_area_intersection,acs2024_5yr_bg_census_reporter_mirror
15000US250250105001,"BG 1, Tract 105, Suffolk, MA",suffolk_025,1526.0,193.0,483.0,140.0,125592.9541571696,125592.9541571696,1.0,1526.0,483.0,ACS 2024 5-year (2020-2024),uniform_within_block_group_area_intersection,acs2024_5yr_bg_census_reporter_mirror
15000US250250105002,"BG 2, Tract 105, Suffolk, MA",suffolk_025,1135.0,406.0,804.0,380.0,39067.67817124342,39067.67817124342,1.0,1135.0,804.0,ACS 2024 5-year (2020-2024),uniform_within_block_group_area_intersection,acs2024_5yr_bg_census_reporter_mirror
15000US250250105003,"BG 3, Tract 105, Suffolk, MA",suffolk_025,781.0,199.0,472.0,116.0,35298.33955502328,35298.33955502329,1.0000000000000002,781.0000000000002,472.0000000000001,ACS 2024 5-year (2020-2024),uniform_within_block_group_area_intersection,acs2024_5yr_bg_census_reporter_mirror
15000US250250106001,"BG 1, Tract 106, Suffolk, MA",suffolk_025,1494.0,385.0,900.0,220.0,89294.43961520921,89294.43961520922,1.0000000000000002,1494.0000000000002,900.0000000000002,ACS 2024 5-year (2020-2024),uniform_within_block_group_area_intersection,acs2024_5yr_bg_census_reporter_mirror
15000US250250106002,"BG 2, Tract 106, Suffolk, MA",suffolk_025,1292.0,282.0,775.0,175.0,148258.355605335,148258.35560533497,0.9999999999999998,1291.9999999999998,774.9999999999998,ACS 2024 5-year (2020-2024),uniform_within_block_group_area_intersection,acs2024_5yr_bg_census_reporter_mirror
15000US250250106003,"BG 3, Tract 106, Suffolk, MA",suffolk_025,508.0,205.0,371.0,149.0,102009.46099170529,102009.46099170529,1.0,508.0,371.0,ACS 2024 5-year (2020-2024),uniform_within_block_group_area_intersection,acs2024_5yr_bg_census_reporter_mirror
15000US250250107011,"BG 1, Tract 107.01, Suffolk, MA",suffolk_025,1237.0,220.0,514.0,109.0,74132.28010479065,74132.28010479067,1.0000000000000002,1237.0000000000002,514.0000000000001,ACS 2024 5-year (2020-2024),uniform_within_block_group_area_intersection,acs2024_5yr_bg_census_reporter_mirror
15000US250250107012,"BG 2, Tract 107.01, Suffolk, MA",suffolk_025,726.0,188.0,409.0,99.0,47182.8657251537,47182.8657251537,1.0,726.0,409.0,ACS 2024 5-year (2020-2024),uniform_within_block_group_area_intersection,acs2024_5yr_bg_census_reporter_mirror
15000US250250107013,"BG 3, Tract 107.01, Suffolk, MA",suffolk_025,617.0,192.0,457.0,141.0,80691.95148416217,80691.95148416216,0.9999999999999998,616.9999999999999,456.9999999999999,ACS 2024 5-year (2020-2024),uniform_within_block_group_area_intersection,acs2024_5yr_bg_census_reporter_mirror
15000US250250107021,"BG 1, Tract 107.02, Suffolk, MA",suffolk_025,832.0,261.0,513.0,172.0,156243.04225593095,156243.04225593095,1.0,832.0,513.0,ACS 2024 5-year (2020-2024),uniform_within_block_group_area_intersection,acs2024_5yr_bg_census_reporter_mirror
15000US250250107022,"BG 2, Tract 107.02, Suffolk, MA",suffolk_025,556.0,190.0,262.0,81.0,51575.9207176473,51575.92071764731,1.0000000000000002,556.0000000000001,262.00000000000006,ACS 2024 5-year (2020-2024),uniform_within_block_group_area_intersection,acs2024_5yr_bg_census_reporter_mirror
15000US250250107023,"BG 3, Tract 107.02, Suffolk, MA",suffolk_025,873.0,216.0,572.0,124.0,92404.23205509219,92404.23205509217,0.9999999999999999,872.9999999999999,571.9999999999999,ACS 2024 5-year (2020-2024),uniform_within_block_group_area_intersection,acs2024_5yr_bg_census_reporter_mirror
15000US250250108011,"BG 1, Tract 108.01, Suffolk, MA",suffolk_025,700.0,118.0,326.0,92.0,32909.57852307565,32909.57852307565,1.0,700.0,326.0,ACS 2024 5-year (2020-2024),uniform_within_block_group_area_intersection,acs2024_5yr_bg_census_reporter_mirror
15000US250250108012,"BG 2, Tract 108.01, Suffolk, MA",suffolk_025,681.0,274.0,414.0,152.0,44846.02563408569,44846.02563408568,0.9999999999999999,680.9999999999999,413.99999999999994,ACS 2024 5-year (2020-2024),uniform_within_block_group_area_intersection,acs2024_5yr_bg_census_reporter_mirror
15000US250250108013,"BG 3, Tract 108.01, Suffolk, MA",suffolk_025,1086.0,188.0,711.0,133.0,54245.02605072377,54245.02605072378,1.0000000000000002,1086.0000000000002,711.0000000000001,ACS 2024 5-year (2020-2024),uniform_within_block_group_area_intersection,acs2024_5yr_bg_census_reporter_mirror
15000US250250108021,"BG 1, Tract 108.02, Suffolk, MA",suffolk_025,1119.0,356.0,601.0,161.0,60141.11648141742,60141.11648141744,1.0000000000000004,1119.0000000000005,601.0000000000002,ACS 2024 5-year (2020-2024),uniform_within_block_group_area_intersection,acs2024_5yr_bg_census_reporter_mirror
15000US250250108022,"BG 2, Tract 108.02, Suffolk, MA",suffolk_025,1339.0,242.0,863.0,165.0,60374.06146755059,60374.0614675506,1.0000000000000002,1339.0000000000002,863.0000000000002,ACS 2024 5-year (2020-2024),uniform_within_block_group_area_intersection,acs2024_5yr_bg_census_reporter_mirror
15000US250250108023,"BG 3, Tract 108.02, Suffolk, MA",suffolk_025,410.0,127.0,261.0,82.0,36310.785966511394,36310.785966511394,1.0,410.0,261.0,ACS 2024 5-year (2020-2024),uniform_within_block_group_area_intersection,acs2024_5yr_bg_census_reporter_mirror
15000US250250201011,"BG 1, Tract 201.01, Suffolk, MA",suffolk_025,630.0,276.0,379.0,149.0,45232.716999380886,45232.716999380886,1.0,630.0,379.0,ACS 2024 5-year (2020-2024),uniform_within_block_group_area_intersection,acs2024_5yr_bg_census_reporter_mirror
15000US250250201012,"BG 2, Tract 201.01, Suffolk, MA",suffolk_025,990.0,491.0,585.0,245.0,57443.74273520059,57443.742735200605,1.0000000000000002,990.0000000000002,585.0000000000001,ACS 2024 5-year (2020-2024),uniform_within_block_group_area_intersection,acs2024_5yr_bg_census_reporter_mirror
15000US250250201013,"BG 3, Tract 201.01, Suffolk, MA",suffolk_025,1095.0,357.0,729.0,238.0,71127.04457827442,71127.0445782744,0.9999999999999998,1094.9999999999998,728.9999999999999,ACS 2024 5-year (2020-2024),uniform_within_block_group_area_intersection,acs2024_5yr_bg_census_reporter_mirror
15000US250250201014,"BG 4, Tract 201.01, Suffolk, MA",suffolk_025,905.0,294.0,570.0,149.0,45482.66827117916,45482.668271179165,1.0000000000000002,905.0000000000002,570.0000000000001,ACS 2024 5-year (2020-2024),uniform_within_block_group_area_intersection,acs2024_5yr_bg_census_reporter_mirror
15000US250250202001,"BG 1, Tract 202, Suffolk, MA",suffolk_025,1155.0,309.0,793.0,171.0,29548.324442669018,29548.324442669018,1.0,1155.0,793.0,ACS 2024 5-year (2020-2024),uniform_within_block_group_area_intersection,acs2024_5yr_bg_census_reporter_mirror
15000US250250202002,"BG 2, Tract 202, Suffolk, MA",suffolk_025,1024.0,239.0,629.0,132.0,29692.588920966347,29692.588920966344,0.9999999999999999,1023.9999999999999,628.9999999999999,ACS 2024 5-year (2020-2024),uniform_within_block_group_area_intersection,acs2024_5yr_bg_census_reporter_mirror
15000US250250202003,"BG 3, Tract 202, Suffolk, MA",suffolk_025,1079.0,334.0,711.0,208.0,49061.34137832593,49061.34137832593,1.0,1079.0,711.0,ACS 2024 5-year (2020-2024),uniform_within_block_group_area_intersection,acs2024_5yr_bg_census_reporter_mirror
15000US250250203011,"BG 1, Tract 203.01, Suffolk, MA",suffolk_025,2518.0,518.0,1364.0,202.0,262851.88299079484,262851.88299079495,1.0000000000000004,2518.000000000001,1364.0000000000007,ACS 2024 5-year (2020-2024),uniform_within_block_group_area_intersection,acs2024_5yr_bg_census_reporter_mirror
15000US250250203021,"BG 1, Tract 203.02, Suffolk, MA",suffolk_025,1148.0,107.0,660.0,53.0,76782.90397077362,76782.90397077365,1.0000000000000004,1148.0000000000005,660.0000000000003,ACS 2024 5-year (2020-2024),uniform_within_block_group_area_intersection,acs2024_5yr_bg_census_reporter_mirror
15000US250250203041,"BG 1, Tract 203.04, Suffolk, MA",suffolk_025,1055.0,174.0,576.0,95.0,39337.94275851887,39337.94275851887,1.0,1055.0,576.0,ACS 2024 5-year (2020-2024),uniform_within_block_group_area_intersection,acs2024_5yr_bg_census_reporter_mirror
15000US250250203042,"BG 2, Tract 203.04, Suffolk, MA",suffolk_025,386.0,105.0,227.0,72.0,105706.44520911123,105706.4452091112,0.9999999999999998,385.9999999999999,226.99999999999994,ACS 2024 5-year (2020-2024),uniform_within_block_group_area_intersection,acs2024_5yr_bg_census_reporter_mirror
15000US250250203051,"BG 1, Tract 203.05, Suffolk, MA",suffolk_025,1384.0,309.0,703.0,170.0,294141.69040161575,294141.6904016156,0.9999999999999994,1383.9999999999993,702.9999999999997,ACS 2024 5-year (2020-2024),uniform_within_block_group_area_intersection,acs2024_5yr_bg_census_reporter_mirror
15000US250250203052,"BG 2, Tract 203.05, Suffolk, MA",suffolk_025,2906.0,652.0,1620.0,273.0,75374.07800662488,75374.07800662488,1.0,2906.0,1620.0,ACS 2024 5-year (2020-2024),uniform_within_block_group_area_intersection,acs2024_5yr_bg_census_reporter_mirror
15000US250250301001,"BG 1, Tract 301, Suffolk, MA",suffolk_025,907.0,180.0,604.0,117.0,44689.94782930955,44689.947829309545,0.9999999999999999,906.9999999999999,603.9999999999999,ACS 2024 5-year (2020-2024),uniform_within_block_group_area_intersection,acs2024_5yr_bg_census_reporter_mirror
15000US250250301002,"BG 2, Tract 301, Suffolk, MA",suffolk_025,842.0,381.0,487.0,172.0,32652.620265644808,32652.620265644797,0.9999999999999997,841.9999999999998,486.99999999999983,ACS 2024 5-year (2020-2024),uniform_within_block_group_area_intersection,acs2024_5yr_bg_census_reporter_mirror
15000US250250302001,"BG 1, Tract 302, Suffolk, MA",suffolk_025,810.0,324.0,514.0,161.0,18895.11982038601,18895.11982038601,1.0,810.0,514.0,ACS 2024 5-year (2020-2024),uniform_within_block_group_area_intersection,acs2024_5yr_bg_census_reporter_mirror
15000US250250302002,"BG 2, Tract 302, Suffolk, MA",suffolk_025,723.0,141.0,465.0,90.0,39361.24981347102,39361.24981347101,0.9999999999999998,722.9999999999999,464.9999999999999,ACS 2024 5-year (2020-2024),uniform_within_block_group_area_intersection,acs2024_5yr_bg_census_reporter_mirror
15000US250250303011,"BG 1, Tract 303.01, Suffolk, MA",suffolk_025,1283.0,389.0,728.0,184.0,181844.23150980187,180637.82921661108,0.9933657379001006,1274.488241725829,723.1702571912732,ACS 2024 5-year (2020-2024),uniform_within_block_group_area_intersection,acs2024_5yr_bg_census_reporter_mirror
15000US250250303012,"BG 2, Tract 303.01, Suffolk, MA",suffolk_025,183.0,72.0,115.0,47.0,214554.82330456676,195158.65641490844,0.9095980850445627,166.456449563155,104.60377978012471,ACS 2024 5-year (2020-2024),uniform_within_block_group_area_intersection,acs2024_5yr_bg_census_reporter_mirror
15000US250250303021,"BG 1, Tract 303.02, Suffolk, MA",suffolk_025,2408.0,279.0,1261.0,177.0,477264.6497439253,477264.6497439249,0.9999999999999991,2407.9999999999977,1260.9999999999989,ACS 2024 5-year (2020-2024),uniform_within_block_group_area_intersection,acs2024_5yr_bg_census_reporter_mirror
15000US250250304001,"BG 1, Tract 304, Suffolk, MA",suffolk_025,446.0,184.0,338.0,109.0,21392.083027786546,21392.083027786546,1.0,446.0,338.0,ACS 2024 5-year (2020-2024),uniform_within_block_group_area_intersection,acs2024_5yr_bg_census_reporter_mirror
15000US250250304002,"BG 2, Tract 304, Suffolk, MA",suffolk_025,1097.0,320.0,651.0,170.0,41101.4037952505,41101.403795250495,0.9999999999999998,1096.9999999999998,650.9999999999999,ACS 2024 5-year (2020-2024),uniform_within_block_group_area_intersection,acs2024_5yr_bg_census_reporter_mirror
15000US250250304003,"BG 3, Tract 304, Suffolk, MA",suffolk_025,987.0,384.0,677.0,306.0,42580.625797929,42580.62579792902,1.0000000000000004,987.0000000000005,677.0000000000003,ACS 2024 5-year (2020-2024),uniform_within_block_group_area_intersection,acs2024_5yr_bg_census_reporter_mirror
15000US250250304004,"BG 4, Tract 304, Suffolk, MA",suffolk_025,1407.0,397.0,751.0,215.0,60178.12803728938,60178.128037289374,0.9999999999999999,1406.9999999999998,750.9999999999999,ACS 2024 5-year (2020-2024),uniform_within_block_group_area_intersection,acs2024_5yr_bg_census_reporter_mirror
15000US250250305001,"BG 1, Tract 305, Suffolk, MA",suffolk_025,796.0,196.0,352.0,87.0,432516.22588356474,385030.7086370409,0.8902110154375871,708.6079682883193,313.3542774340307,ACS 2024 5-year (2020-2024),uniform_within_block_group_area_intersection,acs2024_5yr_bg_census_reporter_mirror
15000US250250305002,"BG 2, Tract 305, Suffolk, MA",suffolk_025,834.0,249.0,551.0,121.0,32464.905854397508,32464.905854397508,1.0,834.0,551.0,ACS 2024 5-year (2020-2024),uniform_within_block_group_area_intersection,acs2024_5yr_bg_census_reporter_mirror
15000US250250305003,"BG 3, Tract 305, Suffolk, MA",suffolk_025,587.0,164.0,385.0,96.0,21411.836137358074,21411.836137358066,0.9999999999999997,586.9999999999998,384.9999999999999,ACS 2024 5-year (2020-2024),uniform_within_block_group_area_intersection,acs2024_5yr_bg_census_reporter_mirror
15000US250250401001,"BG 1, Tract 401, Suffolk, MA",suffolk_025,1311.0,232.0,596.0,119.0,205524.54939903272,19837.354969183194,0.09652061044380791,126.53852029183217,57.52628382450952,ACS 2024 5-year (2020-2024),uniform_within_block_group_area_intersection,acs2024_5yr_bg_census_reporter_mirror
15000US250250404012,"BG 2, Tract 404.01, Suffolk, MA",suffolk_025,794.0,266.0,410.0,127.0,338783.08789591276,52744.21717083985,0.15568727913314526,123.61569963171733,63.83178444458955,ACS 2024 5-year (2020-2024),uniform_within_block_group_area_intersection,acs2024_5yr_bg_census_reporter_mirror
15000US250250503001,"BG 1, Tract 503, Suffolk, MA",suffolk_025,1820.0,450.0,702.0,143.0,501626.7427297177,14443.51103260338,0.02879334334131725,52.4038848811974,20.21292702560471,ACS 2024 5-year (2020-2024),uniform_within_block_group_area_intersection,acs2024_5yr_bg_census_reporter_mirror
15000US250250503003,"BG 3, Tract 503, Suffolk, MA",suffolk_025,1221.0,255.0,923.0,194.0,178989.5957292959,5112.553876983698,0.028563413734482818,34.87592816980352,26.36403087692764,ACS 2024 5-year (2020-2024),uniform_within_block_group_area_intersection,acs2024_5yr_bg_census_reporter_mirror
15000US250250605015,"BG 5, Tract 605.01, Suffolk, MA",suffolk_025,570.0,230.0,339.0,166.0,74537.31630353715,43182.75976417883,0.5793441715600056,330.2261777892032,196.3976741588419,ACS 2024 5-year (2020-2024),uniform_within_block_group_area_intersection,acs2024_5yr_bg_census_reporter_mirror
15000US250250606011,"BG 1, Tract 606.01, Suffolk, MA",suffolk_025,1846.0,393.0,1138.0,248.0,140323.57310903168,140323.57310903165,0.9999999999999998,1845.9999999999995,1137.9999999999998,ACS 2024 5-year (2020-2024),uniform_within_block_group_area_intersection,acs2024_5yr_bg_census_reporter_mirror
15000US250250606021,"BG 1, Tract 606.02, Suffolk, MA",suffolk_025,453.0,150.0,296.0,115.0,431729.5709852505,241541.9752091113,0.5594751702040889,253.44225210245227,165.6046503804103,ACS 2024 5-year (2020-2024),uniform_within_block_group_area_intersection,acs2024_5yr_bg_census_reporter_mirror
15000US250250606031,"BG 1, Tract 606.03, Suffolk, MA",suffolk_025,2082.0,233.0,1399.0,120.0,398918.20621370577,16055.023294203806,0.04024640400995616,83.79301314872873,56.30471920992867,ACS 2024 5-year (2020-2024),uniform_within_block_group_area_intersection,acs2024_5yr_bg_census_reporter_mirror
15000US250250606041,"BG 1, Tract 606.04, Suffolk, MA",suffolk_025,2003.0,286.0,1218.0,203.0,893360.0094075928,141747.252995807,0.15866756011364647,317.8111229076339,193.2570882184214,ACS 2024 5-year (2020-2024),uniform_within_block_group_area_intersection,acs2024_5yr_bg_census_reporter_mirror
15000US250250606042,"BG 2, Tract 606.04, Suffolk, MA",suffolk_025,1249.0,351.0,898.0,255.0,151592.26487304445,141454.64532755912,0.9331257465281927,1165.4740574137127,837.946920382317,ACS 2024 5-year (2020-2024),uniform_within_block_group_area_intersection,acs2024_5yr_bg_census_reporter_mirror
15000US250250607001,"BG 1, Tract 607, Suffolk, MA",suffolk_025,1034.0,282.0,420.0,185.0,89018.83706588713,89018.83706588713,1.0,1034.0,420.0,ACS 2024 5-year (2020-2024),uniform_within_block_group_area_intersection,acs2024_5yr_bg_census_reporter_mirror
15000US250250607002,"BG 2, Tract 607, Suffolk, MA",suffolk_025,687.0,324.0,359.0,189.0,39211.18864046561,39211.18864046563,1.0000000000000007,687.0000000000005,359.0000000000002,ACS 2024 5-year (2020-2024),uniform_within_block_group_area_intersection,acs2024_5yr_bg_census_reporter_mirror
15000US250250608001,"BG 1, Tract 608, Suffolk, MA",suffolk_025,646.0,351.0,230.0,99.0,65277.52543484617,25655.90930667208,0.3930282150826838,253.89622694341375,90.39648946901728,ACS 2024 5-year (2020-2024),uniform_within_block_group_area_intersection,acs2024_5yr_bg_census_reporter_mirror
15000US250250608002,"BG 2, Tract 608, Suffolk, MA",suffolk_025,690.0,234.0,470.0,152.0,63584.46197045878,13776.874926075316,0.21667046475090132,149.5026206781219,101.83511843292362,ACS 2024 5-year (2020-2024),uniform_within_block_group_area_intersection,acs2024_5yr_bg_census_reporter_mirror
15000US250250608003,"BG 3, Tract 608, Suffolk, MA",suffolk_025,1173.0,424.0,646.0,217.0,65278.51770643488,64006.58522061975,0.9805152976736519,1150.1444441711935,633.4128822971791,ACS 2024 5-year (2020-2024),uniform_within_block_group_area_intersection,acs2024_5yr_bg_census_reporter_mirror
15000US250250608004,"BG 4, Tract 608, Suffolk, MA",suffolk_025,1914.0,387.0,977.0,199.0,148910.64171803408,68061.14224829958,0.4570602977937266,874.8134099771927,446.54791094447086,ACS 2024 5-year (2020-2024),uniform_within_block_group_area_intersection,acs2024_5yr_bg_census_reporter_mirror
15000US250250612011,"BG 1, Tract 612.01, Suffolk, MA",suffolk_025,1845.0,406.0,995.0,187.0,562160.6628162031,83487.6450903525,0.148512072460055,274.00477368880144,147.76951209775473,ACS 2024 5-year (2020-2024),uniform_within_block_group_area_intersection,acs2024_5yr_bg_census_reporter_mirror
15000US250250612021,"BG 1, Tract 612.02, Suffolk, MA",suffolk_025,0.0,14.0,0.0,14.0,385671.9468618519,303979.46982039325,0.7881814383800101,0.0,0.0,ACS 2024 5-year (2020-2024),uniform_within_block_group_area_intersection,acs2024_5yr_bg_census_reporter_mirror
15000US250250612031,"BG 1, Tract 612.03, Suffolk, MA",suffolk_025,2338.0,327.0,1386.0,270.0,366547.28550098976,366547.28550098976,1.0,2338.0,1386.0,ACS 2024 5-year (2020-2024),uniform_within_block_group_area_intersection,acs2024_5yr_bg_census_reporter_mirror
15000US250250612041,"BG 1, Tract 612.04, Suffolk, MA",suffolk_025,864.0,241.0,604.0,219.0,470149.53670584405,470149.53670584405,1.0,864.0,604.0,ACS 2024 5-year (2020-2024),uniform_within_block_group_area_intersection,acs2024_5yr_bg_census_reporter_mirror
15000US250250701021,"BG 1, Tract 701.02, Suffolk, MA",suffolk_025,1063.0,362.0,499.0,158.0,95930.5226457816,95930.52264578159,0.9999999999999999,1062.9999999999998,498.99999999999994,ACS 2024 5-year (2020-2024),uniform_within_block_group_area_intersection,acs2024_5yr_bg_census_reporter_mirror
15000US250250701022,"BG 2, Tract 701.02, Suffolk, MA",suffolk_025,2098.0,286.0,703.0,140.0,26524.56134185805,26524.561341858043,0.9999999999999998,2097.9999999999995,702.9999999999999,ACS 2024 5-year (2020-2024),uniform_within_block_group_area_intersection,acs2024_5yr_bg_census_reporter_mirror
15000US250250701023,"BG 3, Tract 701.02, Suffolk, MA",suffolk_025,185.0,118.0,61.0,43.0,16568.391548949334,16568.39154894934,1.0000000000000004,185.00000000000009,61.00000000000003,ACS 2024 5-year (2020-2024),uniform_within_block_group_area_intersection,acs2024_5yr_bg_census_reporter_mirror
15000US250250701031,"BG 1, Tract 701.03, Suffolk, MA",suffolk_025,656.0,271.0,279.0,62.0,107575.4924885261,107575.49248852611,1.0000000000000002,656.0000000000001,279.00000000000006,ACS 2024 5-year (2020-2024),uniform_within_block_group_area_intersection,acs2024_5yr_bg_census_reporter_mirror
15000US250250701041,"BG 1, Tract 701.04, Suffolk, MA",suffolk_025,900.0,250.0,529.0,133.0,439054.5302457273,439054.5302457273,1.0,900.0,529.0,ACS 2024 5-year (2020-2024),uniform_within_block_group_area_intersection,acs2024_5yr_bg_census_reporter_mirror
15000US250250701042,"BG 2, Tract 701.04, Suffolk, MA",suffolk_025,596.0,208.0,312.0,110.0,308575.8449403337,308575.84494033357,0.9999999999999997,595.9999999999998,311.9999999999999,ACS 2024 5-year (2020-2024),uniform_within_block_group_area_intersection,acs2024_5yr_bg_census_reporter_mirror
15000US250250701043,"BG 3, Tract 701.04, Suffolk, MA",suffolk_025,995.0,272.0,480.0,125.0,84245.75751269447,84245.75751269449,1.0000000000000002,995.0000000000002,480.0000000000001,ACS 2024 5-year (2020-2024),uniform_within_block_group_area_intersection,acs2024_5yr_bg_census_reporter_mirror
15000US250250702011,"BG 1, Tract 702.01, Suffolk, MA",suffolk_025,788.0,195.0,517.0,160.0,33069.34650013765,33069.34650013765,1.0,788.0,517.0,ACS 2024 5-year (2020-2024),uniform_within_block_group_area_intersection,acs2024_5yr_bg_census_reporter_mirror
15000US250250702012,"BG 2, Tract 702.01, Suffolk, MA",suffolk_025,3083.0,220.0,455.0,123.0,110977.26792470273,110977.26792470278,1.0000000000000004,3083.0000000000014,455.0000000000002,ACS 2024 5-year (2020-2024),uniform_within_block_group_area_intersection,acs2024_5yr_bg_census_reporter_mirror
15000US250250702021,"BG 1, Tract 702.02, Suffolk, MA",suffolk_025,3174.0,503.0,1727.0,247.0,147815.12645876242,147815.12645876245,1.0000000000000002,3174.000000000001,1727.0000000000005,ACS 2024 5-year (2020-2024),uniform_within_block_group_area_intersection,acs2024_5yr_bg_census_reporter_mirror
15000US250250702022,"BG 2, Tract 702.02, Suffolk, MA",suffolk_025,817.0,241.0,342.0,78.0,30951.15392781857,30951.153927818566,0.9999999999999999,816.9999999999999,341.99999999999994,ACS 2024 5-year (2020-2024),uniform_within_block_group_area_intersection,acs2024_5yr_bg_census_reporter_mirror
15000US250250703011,"BG 1, Tract 703.01, Suffolk, MA",suffolk_025,1612.0,572.0,798.0,235.0,67588.37183266695,67588.37183266695,1.0,1612.0,798.0,ACS 2024 5-year (2020-2024),uniform_within_block_group_area_intersection,acs2024_5yr_bg_census_reporter_mirror
15000US250250703012,"BG 2, Tract 703.01, Suffolk, MA",suffolk_025,840.0,230.0,428.0,103.0,75775.65295059724,75775.65295059723,0.9999999999999998,839.9999999999998,427.9999999999999,ACS 2024 5-year (2020-2024),uniform_within_block_group_area_intersection,acs2024_5yr_bg_census_reporter_mirror
15000US250250703021,"BG 1, Tract 703.02, Suffolk, MA",suffolk_025,621.0,162.0,307.0,102.0,59711.79982186141,59711.79982186141,1.0,621.0,307.0,ACS 2024 5-year (2020-2024),uniform_within_block_group_area_intersection,acs2024_5yr_bg_census_reporter_mirror
15000US250250703022,"BG 2, Tract 703.02, Suffolk, MA",suffolk_025,339.0,118.0,265.0,78.0,50271.88073514296,50271.88073514295,0.9999999999999999,338.99999999999994,264.99999999999994,ACS 2024 5-year (2020-2024),uniform_within_block_group_area_intersection,acs2024_5yr_bg_census_reporter_mirror
15000US250250703023,"BG 3, Tract 703.02, Suffolk, MA",suffolk_025,663.0,217.0,497.0,145.0,83229.81144982281,83229.81144982281,1.0,663.0,497.0,ACS 2024 5-year (2020-2024),uniform_within_block_group_area_intersection,acs2024_5yr_bg_census_reporter_mirror
15000US250250704021,"BG 1, Tract 704.02, Suffolk, MA",suffolk_025,2068.0,407.0,1328.0,277.0,121510.51460397655,121510.51460397654,0.9999999999999999,2067.9999999999995,1327.9999999999998,ACS 2024 5-year (2020-2024),uniform_within_block_group_area_intersection,acs2024_5yr_bg_census_reporter_mirror
15000US250250704022,"BG 2, Tract 704.02, Suffolk, MA",suffolk_025,1123.0,265.0,684.0,161.0,125579.15751239,125579.15751238997,0.9999999999999998,1122.9999999999998,683.9999999999999,ACS 2024 5-year (2020-2024),uniform_within_block_group_area_intersection,acs2024_5yr_bg_census_reporter_mirror
15000US250250705011,"BG 1, Tract 705.01, Suffolk, MA",suffolk_025,1381.0,275.0,680.0,108.0,55506.94188019795,55506.94188019795,1.0,1381.0,680.0,ACS 2024 5-year (2020-2024),uniform_within_block_group_area_intersection,acs2024_5yr_bg_census_reporter_mirror
15000US250250705012,"BG 2, Tract 705.01, Suffolk, MA",suffolk_025,714.0,256.0,348.0,95.0,67265.45273096963,67265.45273096961,0.9999999999999998,713.9999999999999,347.99999999999994,ACS 2024 5-year (2020-2024),uniform_within_block_group_area_intersection,acs2024_5yr_bg_census_reporter_mirror
15000US250250705021,"BG 1, Tract 705.02, Suffolk, MA",suffolk_025,1410.0,425.0,718.0,181.0,49363.446993712525,49363.446993712525,1.0,1410.0,718.0,ACS 2024 5-year (2020-2024),uniform_within_block_group_area_intersection,acs2024_5yr_bg_census_reporter_mirror
15000US250250705022,"BG 2, Tract 705.02, Suffolk, MA",suffolk_025,2203.0,788.0,1193.0,405.0,125103.76112169334,125103.76112169331,0.9999999999999998,2202.9999999999995,1192.9999999999998,ACS 2024 5-year (2020-2024),uniform_within_block_group_area_intersection,acs2024_5yr_bg_census_reporter_mirror
15000US250250706001,"BG 1, Tract 706, Suffolk, MA",suffolk_025,989.0,206.0,508.0,116.0,65219.546316925196,65219.546316925174,0.9999999999999997,988.9999999999997,507.99999999999983,ACS 2024 5-year (2020-2024),uniform_within_block_group_area_intersection,acs2024_5yr_bg_census_reporter_mirror
15000US250250706002,"BG 2, Tract 706, Suffolk, MA",suffolk_025,1267.0,382.0,613.0,125.0,67743.00887127424,67743.00887127421,0.9999999999999996,1266.9999999999995,612.9999999999998,ACS 2024 5-year (2020-2024),uniform_within_block_group_area_intersection,acs2024_5yr_bg_census_reporter_mirror
15000US250250707001,"BG 1, Tract 707, Suffolk, MA",suffolk_025,1435.0,278.0,777.0,192.0,87746.70831426748,87746.70831426748,1.0,1435.0,777.0,ACS 2024 5-year (2020-2024),uniform_within_block_group_area_intersection,acs2024_5yr_bg_census_reporter_mirror
15000US250250707002,"BG 2, Tract 707, Suffolk, MA",suffolk_025,1197.0,362.0,682.0,228.0,75072.0479690469,75072.04796904691,1.0000000000000002,1197.0000000000002,682.0000000000001,ACS 2024 5-year (2020-2024),uniform_within_block_group_area_intersection,acs2024_5yr_bg_census_reporter_mirror
15000US250250708011,"BG 1, Tract 708.01, Suffolk, MA",suffolk_025,1159.0,362.0,595.0,127.0,61261.297407166465,61261.297407166465,1.0,1159.0,595.0,ACS 2024 5-year (2020-2024),uniform_within_block_group_area_intersection,acs2024_5yr_bg_census_reporter_mirror
15000US250250708021,"BG 1, Tract 708.02, Suffolk, MA",suffolk_025,1507.0,286.0,945.0,220.0,65121.58587536827,65121.585875368284,1.0000000000000002,1507.0000000000002,945.0000000000002,ACS 2024 5-year (2020-2024),uniform_within_block_group_area_intersection,acs2024_5yr_bg_census_reporter_mirror
15000US250250708022,"BG 2, Tract 708.02, Suffolk, MA",suffolk_025,728.0,206.0,458.0,122.0,64813.04406066906,64813.04406066905,0.9999999999999999,727.9999999999999,457.99999999999994,ACS 2024 5-year (2020-2024),uniform_within_block_group_area_intersection,acs2024_5yr_bg_census_reporter_mirror
15000US250250709011,"BG 1, Tract 709.01, Suffolk, MA",suffolk_025,1173.0,318.0,597.0,220.0,57773.502298370695,57773.50229837073,1.0000000000000007,1173.0000000000007,597.0000000000003,ACS 2024 5-year (2020-2024),uniform_within_block_group_area_intersection,acs2024_5yr_bg_census_reporter_mirror
15000US250250709021,"BG 1, Tract 709.02, Suffolk, MA",suffolk_025,1153.0,273.0,577.0,119.0,60910.87140832627,60910.871408326246,0.9999999999999997,1152.9999999999995,576.9999999999998,ACS 2024 5-year (2020-2024),uniform_within_block_group_area_intersection,acs2024_5yr_bg_census_reporter_mirror
15000US250250709022,"BG 2, Tract 709.02, Suffolk, MA",suffolk_025,1194.0,282.0,574.0,142.0,49947.860991605725,49947.860991605725,1.0,1194.0,574.0,ACS 2024 5-year (2020-2024),uniform_within_block_group_area_intersection,acs2024_5yr_bg_census_reporter_mirror
15000US250250711011,"BG 1, Tract 711.01, Suffolk, MA",suffolk_025,1635.0,455.0,732.0,233.0,163009.32078415813,77186.0339248431,0.47350687404584496,774.1837390649565,346.6070318015585,ACS 2024 5-year (2020-2024),uniform_within_block_group_area_intersection,acs2024_5yr_bg_census_reporter_mirror
15000US250250711012,"BG 2, Tract 711.01, Suffolk, MA",suffolk_025,961.0,351.0,468.0,156.0,56456.14032313642,6863.631840092115,0.12157458517013277,116.83317634849759,56.89690585962214,ACS 2024 5-year (2020-2024),uniform_within_block_group_area_intersection,acs2024_5yr_bg_census_reporter_mirror
15000US250250711013,"BG 3, Tract 711.01, Suffolk, MA",suffolk_025,1179.0,375.0,694.0,194.0,57256.3648499649,57256.364849964884,0.9999999999999998,1178.9999999999998,693.9999999999999,ACS 2024 5-year (2020-2024),uniform_within_block_group_area_intersection,acs2024_5yr_bg_census_reporter_mirror
15000US250250711014,"BG 4, Tract 711.01, Suffolk, MA",suffolk_025,585.0,285.0,388.0,173.0,82098.62187836121,75383.97374388101,0.9182124135478335,537.1542619254826,356.2664164565594,ACS 2024 5-year (2020-2024),uniform_within_block_group_area_intersection,acs2024_5yr_bg_census_reporter_mirror
15000US250250712011,"BG 1, Tract 712.01, Suffolk, MA",suffolk_025,896.0,149.0,612.0,106.0,65016.29082132693,65016.29082132692,0.9999999999999998,895.9999999999998,611.9999999999999,ACS 2024 5-year (2020-2024),uniform_within_block_group_area_intersection,acs2024_5yr_bg_census_reporter_mirror
15000US250250712012,"BG 2, Tract 712.01, Suffolk, MA",suffolk_025,1255.0,252.0,515.0,99.0,229120.67572483845,223064.61286613566,0.9735682393588269,1221.8281403953276,501.38764326979583,ACS 2024 5-year (2020-2024),uniform_within_block_group_area_intersection,acs2024_5yr_bg_census_reporter_mirror
15000US250250712013,"BG 3, Tract 712.01, Suffolk, MA",suffolk_025,581.0,245.0,321.0,92.0,66110.61744237544,66110.61744237544,1.0,581.0,321.0,ACS 2024 5-year (2020-2024),uniform_within_block_group_area_intersection,acs2024_5yr_bg_census_reporter_mirror
15000US250250712014,"BG 4, Tract 712.01, Suffolk, MA",suffolk_025,1522.0,653.0,456.0,170.0,52121.06595918093,52121.06595918094,1.0000000000000002,1522.0000000000002,456.0000000000001,ACS 2024 5-year (2020-2024),uniform_within_block_group_area_intersection,acs2024_5yr_bg_census_reporter_mirror
15000US250250801001,"BG 1, Tract 801, Suffolk, MA",suffolk_025,1797.0,391.0,436.0,112.0,936015.9680941257,920.5099607102582,0.0009834340354092034,1.7672309616303385,0.42877723943841267,ACS 2024 5-year (2020-2024),uniform_within_block_group_area_intersection,acs2024_5yr_bg_census_reporter_mirror
15000US250250804011,"BG 1, Tract 804.01, Suffolk, MA",suffolk_025,1383.0,459.0,608.0,210.0,294442.592306745,6390.816146791393,0.021704795140960978,30.017731679949033,13.196515445704275,ACS 2024 5-year (2020-2024),uniform_within_block_group_area_intersection,acs2024_5yr_bg_census_reporter_mirror
15000US250250805001,"BG 1, Tract 805, Suffolk, MA",suffolk_025,1123.0,235.0,440.0,108.0,104245.01302549841,43192.76401666488,0.4143388998963422,465.3025845835923,182.30911595439056,ACS 2024 5-year (2020-2024),uniform_within_block_group_area_intersection,acs2024_5yr_bg_census_reporter_mirror
15000US250250805002,"BG 2, Tract 805, Suffolk, MA",suffolk_025,2213.0,358.0,957.0,226.0,139855.9259483275,95865.9518366748,0.685462208244893,1516.9278668459483,655.9873332903626,ACS 2024 5-year (2020-2024),uniform_within_block_group_area_intersection,acs2024_5yr_bg_census_reporter_mirror
15000US250250806011,"BG 1, Tract 806.01, Suffolk, MA",suffolk_025,3481.0,346.0,420.0,109.0,231300.81784950057,155146.92951849478,0.6707582401176096,2334.909433849399,281.7184608493961,ACS 2024 5-year (2020-2024),uniform_within_block_group_area_intersection,acs2024_5yr_bg_census_reporter_mirror
15000US250250808011,"BG 1, Tract 808.01, Suffolk, MA",suffolk_025,2810.0,756.0,443.0,211.0,196211.47429211464,114754.13301794627,0.5848492471296721,1643.4263844343786,259.08821647844474,ACS 2024 5-year (2020-2024),uniform_within_block_group_area_intersection,acs2024_5yr_bg_census_reporter_mirror
15000US250250808012,"BG 2, Tract 808.01, Suffolk, MA",suffolk_025,1601.0,558.0,599.0,179.0,168656.14324837286,4379.90471004731,0.025969434766436032,41.57706506106409,15.555691425095183,ACS 2024 5-year (2020-2024),uniform_within_block_group_area_intersection,acs2024_5yr_bg_census_reporter_mirror
15000US250250809001,"BG 1, Tract 809, Suffolk, MA",suffolk_025,1220.0,260.0,776.0,135.0,40847.20502452855,8173.359550736637,0.20009593179823623,244.1170367938482,155.27444307543132,ACS 2024 5-year (2020-2024),uniform_within_block_group_area_intersection,acs2024_5yr_bg_census_reporter_mirror
15000US250250810015,"BG 5, Tract 810.01, Suffolk, MA",suffolk_025,472.0,264.0,279.0,163.0,276247.29387701163,55451.69926882237,0.2007320994554614,94.74555094297777,56.004255748073724,ACS 2024 5-year (2020-2024),uniform_within_block_group_area_intersection,acs2024_5yr_bg_census_reporter_mirror
15000US250259812022,"BG 2, Tract 9812.02, Suffolk, MA",suffolk_025,29.0,18.0,0.0,14.0,2082575.6688149953,29193.242418554142,0.014017854359724352,0.4065177764320062,0.0,ACS 2024 5-year (2020-2024),uniform_within_block_group_area_intersection,acs2024_5yr_bg_census_reporter_mirror
15000US250259815011,"BG 1, Tract 9815.01, Suffolk, MA",suffolk_025,0.0,14.0,0.0,14.0,2087023.947563922,1168698.240687519,0.5599831482775661,0.0,0.0,ACS 2024 5-year (2020-2024),uniform_within_block_group_area_intersection,acs2024_5yr_bg_census_reporter_mirror
15000US250259817001,"BG 1, Tract 9817, Suffolk, MA",suffolk_025,0.0,14.0,0.0,14.0,328871.30156520585,328871.3015652059,1.0000000000000002,0.0,0.0,ACS 2024 5-year (2020-2024),uniform_within_block_group_area_intersection,acs2024_5yr_bg_census_reporter_mirror
15000US250259818001,"BG 1, Tract 9818, Suffolk, MA",suffolk_025,20.0,22.0,16.0,19.0,1086408.1652085504,322376.6061475726,0.29673617749889436,5.934723549977887,4.74777883998231,ACS 2024 5-year (2020-2024),uniform_within_block_group_area_intersection,acs2024_5yr_bg_census_reporter_mirror
15000US250259901010,"BG 0, Tract 9901.01, Suffolk, MA",suffolk_025,0.0,14.0,0.0,14.0,134298138.74661097,98016.00545423233,0.0007298388970167748,0.0,0.0,ACS 2024 5-year (2020-2024),uniform_within_block_group_area_intersection,acs2024_5yr_bg_census_reporter_mirror
15000US250173521011,"BG 1, Tract 3521.01, Middlesex, MA",middlesex_017,892.0,258.0,378.0,153.0,192973.67668623233,91482.30533753325,0.4740662400617464,422.8670861350778,179.19703874334016,ACS 2024 5-year (2020-2024),uniform_within_block_group_area_intersection,acs2024_5yr_bg_census_reporter_mirror
15000US250173521012,"BG 2, Tract 3521.01, Middlesex, MA",middlesex_017,1512.0,296.0,872.0,172.0,49484.798423284316,10012.78591177012,0.20234064259739928,305.93905160726774,176.44104034493216,ACS 2024 5-year (2020-2024),uniform_within_block_group_area_intersection,acs2024_5yr_bg_census_reporter_mirror
15000US250173521021,"BG 1, Tract 3521.02, Middlesex, MA",middlesex_017,1099.0,250.0,630.0,136.0,409574.583091435,378801.2439313125,0.9248651150961373,1016.4267614906549,582.6650225105665,ACS 2024 5-year (2020-2024),uniform_within_block_group_area_intersection,acs2024_5yr_bg_census_reporter_mirror
15000US250173521022,"BG 2, Tract 3521.02, Middlesex, MA",middlesex_017,1691.0,562.0,739.0,158.0,139236.57186564812,25828.478736707504,0.1855006798187323,313.6816495734763,137.0850023860432,ACS 2024 5-year (2020-2024),uniform_within_block_group_area_intersection,acs2024_5yr_bg_census_reporter_mirror
15000US250173523001,"BG 1, Tract 3523, Middlesex, MA",middlesex_017,1794.0,380.0,855.0,166.0,168554.29769711386,151610.05075394324,0.899473064913368,1613.6546784545822,769.0494705009296,ACS 2024 5-year (2020-2024),uniform_within_block_group_area_intersection,acs2024_5yr_bg_census_reporter_mirror
15000US250173523002,"BG 2, Tract 3523, Middlesex, MA",middlesex_017,1611.0,497.0,858.0,211.0,213993.89149682783,213993.89149682786,1.0000000000000002,1611.0000000000005,858.0000000000002,ACS 2024 5-year (2020-2024),uniform_within_block_group_area_intersection,acs2024_5yr_bg_census_reporter_mirror
15000US250173523003,"BG 3, Tract 3523, Middlesex, MA",middlesex_017,1472.0,460.0,763.0,180.0,312467.58233648987,312467.58233649004,1.0000000000000007,1472.000000000001,763.0000000000005,ACS 2024 5-year (2020-2024),uniform_within_block_group_area_intersection,acs2024_5yr_bg_census_reporter_mirror
15000US250173524001,"BG 1, Tract 3524, Middlesex, MA",middlesex_017,1655.0,265.0,689.0,100.0,225177.27691112217,225177.27691112223,1.0000000000000002,1655.0000000000005,689.0000000000001,ACS 2024 5-year (2020-2024),uniform_within_block_group_area_intersection,acs2024_5yr_bg_census_reporter_mirror
15000US250173525001,"BG 1, Tract 3525, Middlesex, MA",middlesex_017,1502.0,293.0,771.0,124.0,136398.13209135045,93429.95672298089,0.6849797375554064,1028.8395658082204,528.1193776552184,ACS 2024 5-year (2020-2024),uniform_within_block_group_area_intersection,acs2024_5yr_bg_census_reporter_mirror
15000US250173525002,"BG 2, Tract 3525, Middlesex, MA",middlesex_017,1664.0,412.0,695.0,182.0,104153.24043366741,104153.24043366741,1.0,1664.0,695.0,ACS 2024 5-year (2020-2024),uniform_within_block_group_area_intersection,acs2024_5yr_bg_census_reporter_mirror
15000US250173526001,"BG 1, Tract 3526, Middlesex, MA",middlesex_017,892.0,269.0,400.0,97.0,155187.14941781058,131148.12428494758,0.845096548115961,753.8261209194372,338.0386192463844,ACS 2024 5-year (2020-2024),uniform_within_block_group_area_intersection,acs2024_5yr_bg_census_reporter_mirror
15000US250173526002,"BG 2, Tract 3526, Middlesex, MA",middlesex_017,1938.0,379.0,839.0,155.0,151573.95190228915,48862.60814876453,0.3223681083426748,624.7493939681038,270.4668428995042,ACS 2024 5-year (2020-2024),uniform_within_block_group_area_intersection,acs2024_5yr_bg_census_reporter_mirror
15000US250173528001,"BG 1, Tract 3528, Middlesex, MA",middlesex_017,1991.0,364.0,785.0,96.0,144698.55238517994,11044.941144742288,0.07633069552307085,151.97441478643407,59.91959598561062,ACS 2024 5-year (2020-2024),uniform_within_block_group_area_intersection,acs2024_5yr_bg_census_reporter_mirror
15000US250173529001,"BG 1, Tract 3529, Middlesex, MA",middlesex_017,1311.0,437.0,534.0,164.0,109758.03061164163,6779.803289599497,0.061770453167008514,80.98106410194816,32.98542199118255,ACS 2024 5-year (2020-2024),uniform_within_block_group_area_intersection,acs2024_5yr_bg_census_reporter_mirror
15000US250173530001,"BG 1, Tract 3530, Middlesex, MA",middlesex_017,2139.0,398.0,1200.0,193.0,171271.92368637302,94109.94872258295,0.5494768009665945,1175.3308772675455,659.3721611599134,ACS 2024 5-year (2020-2024),uniform_within_block_group_area_intersection,acs2024_5yr_bg_census_reporter_mirror
15000US250173530002,"BG 2, Tract 3530, Middlesex, MA",middlesex_017,978.0,169.0,379.0,96.0,96995.18148337874,96995.18148337872,0.9999999999999999,977.9999999999999,378.99999999999994,ACS 2024 5-year (2020-2024),uniform_within_block_group_area_intersection,acs2024_5yr_bg_census_reporter_mirror
15000US250173531011,"BG 1, Tract 3531.01, Middlesex, MA",middlesex_017,1562.0,354.0,715.0,147.0,210134.98312271622,210134.9831227162,0.9999999999999999,1561.9999999999998,714.9999999999999,ACS 2024 5-year (2020-2024),uniform_within_block_group_area_intersection,acs2024_5yr_bg_census_reporter_mirror
15000US250173531012,"BG 2, Tract 3531.01, Middlesex, MA",middlesex_017,2159.0,318.0,1081.0,146.0,245918.7566308658,233330.76023168562,0.948812377829011,2048.4859237328346,1025.666180433161,ACS 2024 5-year (2020-2024),uniform_within_block_group_area_intersection,acs2024_5yr_bg_census_reporter_mirror
15000US250173531021,"BG 1, Tract 3531.02, Middlesex, MA",middlesex_017,1551.0,272.0,437.0,84.0,485653.22046502173,485653.2204650216,0.9999999999999998,1550.9999999999995,436.9999999999999,ACS 2024 5-year (2020-2024),uniform_within_block_group_area_intersection,acs2024_5yr_bg_census_reporter_mirror
15000US250173531022,"BG 2, Tract 3531.02, Middlesex, MA",middlesex_017,1816.0,240.0,0.0,14.0,677776.0828912061,677776.0828912061,1.0,1816.0,0.0,ACS 2024 5-year (2020-2024),uniform_within_block_group_area_intersection,acs2024_5yr_bg_census_reporter_mirror
15000US250173531023,"BG 3, Tract 3531.02, Middlesex, MA",middlesex_017,2481.0,267.0,72.0,27.0,491365.98892881046,396302.4565552707,0.8065321277510873,2001.0062089504477,58.07031319807828,ACS 2024 5-year (2020-2024),uniform_within_block_group_area_intersection,acs2024_5yr_bg_census_reporter_mirror
15000US250173532001,"BG 1, Tract 3532, Middlesex, MA",middlesex_017,1603.0,325.0,768.0,158.0,127285.98627499306,133.2468454617337,0.0010468304434854486,1.678069200907174,0.8039657805968246,ACS 2024 5-year (2020-2024),uniform_within_block_group_area_intersection,acs2024_5yr_bg_census_reporter_mirror
15000US250173532002,"BG 2, Tract 3532, Middlesex, MA",middlesex_017,901.0,296.0,445.0,176.0,180567.3151041038,50429.81501001618,0.27928540102034255,251.63614631932865,124.28200345405243,ACS 2024 5-year (2020-2024),uniform_within_block_group_area_intersection,acs2024_5yr_bg_census_reporter_mirror
15000US250173532003,"BG 3, Tract 3532, Middlesex, MA",middlesex_017,966.0,289.0,422.0,133.0,68477.07995927622,18182.96271128658,0.26553355841253906,256.50541742651274,112.05516165009148,ACS 2024 5-year (2020-2024),uniform_within_block_group_area_intersection,acs2024_5yr_bg_census_reporter_mirror
15000US250173532004,"BG 4, Tract 3532, Middlesex, MA",middlesex_017,1898.0,234.0,369.0,109.0,140709.20580222222,126746.53721566242,0.9007693312818109,1709.660190772877,332.38388324298825,ACS 2024 5-year (2020-2024),uniform_within_block_group_area_intersection,acs2024_5yr_bg_census_reporter_mirror
15000US250173533001,"BG 1, Tract 3533, Middlesex, MA",middlesex_017,997.0,231.0,508.0,134.0,92584.09563740368,3316.5094912124323,0.03582158974907752,35.71412497983029,18.197367592531382,ACS 2024 5-year (2020-2024),uniform_within_block_group_area_intersection,acs2024_5yr_bg_census_reporter_mirror
15000US250173594005,"BG 5, Tract 3594, Middlesex, MA",middlesex_017,759.0,232.0,426.0,140.0,75168.15331066305,446.797202886068,0.005943969396713743,4.511472772105731,2.5321309630000544,ACS 2024 5-year (2020-2024),uniform_within_block_group_area_intersection,acs2024_5yr_bg_census_reporter_mirror
