path_index,path_id,od_index,od_id,o_node_id,d_node_id,rank_in_od,link_id_sequence,free_flow_cost_min,generation_method,source_identity
0,OD000_P00,0,1642->2032,1642,2032,0,17207;17204;17209;17056;17184;17185;17189;17160;15604;18115;18154;18120;17772;18015;18018;18019;18014;17958,1.8938513333333329,yen_loopless_exact_link_ids_vdf_fftt,297281ffe27b1ea2
1,OD000_P01,0,1642->2032,1642,2032,1,17207;17204;17209;17056;17184;17185;17189;17160;15604;18115;18152;17775;17956;18015;18018;18019;18014;17958,2.2269066666666664,yen_loopless_exact_link_ids_vdf_fftt,39cc1b0255639903
2,OD000_P02,0,1642->2032,1642,2032,2,17207;17204;17209;17056;17184;17185;17189;17160;15604;18141;18138;15584;17180;17179;15632;18014;17958,2.271327333333333,yen_loopless_exact_link_ids_vdf_fftt,b563e4522ebf5406
3,OD000_P03,0,1642->2032,1642,2032,3,17207;17204;17209;17056;17184;17185;17189;17160;15604;18115;18152;17775;17812;18086;17819;18051;18049;18050;18033;17957;18023;18017;17958,2.2737733333333328,yen_loopless_exact_link_ids_vdf_fftt,de59e64db48582f1
4,OD000_P04,0,1642->2032,1642,2032,4,17207;17204;17209;17056;17184;17185;17189;17160;15604;18115;18154;18120;17772;18015;18018;18019;18014;17960;18009;18006,2.2946706666666663,yen_loopless_exact_link_ids_vdf_fftt,afd906c6776c51ab
5,OD001_P00,1,2032->2682,2032,2682,0,17959;15595;17038;16620;17060;17109;16622;16916;16921;16893;16820;16890;16881;16876;16625;14257;14354;14338;14692;12220;14117,7.728965333333333,yen_loopless_exact_link_ids_vdf_fftt,63f8f6e94f40da2a
6,OD001_P01,1,2032->2682,2032,2682,1,17959;15595;17038;16620;17060;17109;16622;16916;16921;16893;16820;16890;16881;16876;16625;16774;16769;16772;14268;15539;15516;14354;14338;14692;12220;14117,8.035547666666666,yen_loopless_exact_link_ids_vdf_fftt,d1e8e298a6d9b901
7,OD001_P02,1,2032->2682,2032,2682,2,17959;15595;17038;16620;17060;17109;16622;16916;16921;16893;16820;16890;16881;16876;16625;16774;16769;16770;16771;14268;15539;15516;14354;14338;14692;12220;14117,8.046394333333334,yen_loopless_exact_link_ids_vdf_fftt,f3f3fb373caeb6bb
8,OD001_P03,1,2032->2682,2032,2682,3,17959;15595;17038;16620;17060;17109;16622;16916;16921;16893;16820;16890;16881;16876;16625;14257;14354;14338;14692;12220;14116;14198;14193,8.083737333333334,yen_loopless_exact_link_ids_vdf_fftt,25978ec5fa5a3fe0
9,OD001_P04,1,2032->2682,2032,2682,4,17959;15595;17038;16620;17060;17109;16622;16916;16921;16893;16820;16890;16881;16876;16625;14257;14354;15131;15132;15134;14362;14887;14832;14697;12220;14117,8.219095,yen_loopless_exact_link_ids_vdf_fftt,fe40f0d6c1463a03
10,OD002_P00,2,2032->3858,2032,3858,0,17959;18013;18020;15640;15585;18137;18142;18139;18116;18163,1.4069606666666665,yen_loopless_exact_link_ids_vdf_fftt,40a922878bd83129
11,OD002_P01,2,2032->3858,2032,3858,1,17959;18013;18021;18018;15640;15585;18137;18142;18139;18116;18163,1.5327206666666666,yen_loopless_exact_link_ids_vdf_fftt,b84905b25335feb2
12,OD002_P02,2,2032->3858,2032,3858,2,17959;18013;18020;15640;17180;17181;15604;18139;18116;18163,1.7287886666666665,yen_loopless_exact_link_ids_vdf_fftt,b4683b239bb36b19
13,OD002_P03,2,2032->3858,2032,3858,3,17959;18013;18021;18018;15640;17180;17181;15604;18139;18116;18163,1.8545486666666666,yen_loopless_exact_link_ids_vdf_fftt,30f3900550d9b0fd
14,OD002_P04,2,2032->3858,2032,3858,4,17959;18013;18021;18016;17771;18121;18153;17775;17812;17773;18191;18093;18149;18114;18116;18163,1.9637373333333332,yen_loopless_exact_link_ids_vdf_fftt,a66105b9405c5e49
15,OD003_P00,3,2032->5012,2032,5012,0,17959;18013;18020;15640;15585;18137;18142;18139;18143;18118;18148;15605;17186;17190;17191;17057;17208;17205;17194;17211;14243;18664;18686;18680;18668;18669;18676;18286;18294;18487;18488;18437;18503;18551;18550;18547;18548;18552;14267;15572;15564;15567;15569;15560;15550;15554;15557;15559;15553,6.171378000000001,yen_loopless_exact_link_ids_vdf_fftt,b2cf8e315ea43055
16,OD003_P01,3,2032->5012,2032,5012,1,17959;18013;18020;15640;17180;17181;15603;18148;15605;17186;17190;17191;17057;17208;17205;17194;17211;14243;18664;18686;18680;18668;18669;18676;18286;18294;18487;18488;18437;18503;18551;18550;18547;18548;18552;14267;15572;15564;15567;15569;15560;15550;15554;15557;15559;15553,6.181659333333332,yen_loopless_exact_link_ids_vdf_fftt,4a8658ab0e624ee0
17,OD003_P02,3,2032->5012,2032,5012,2,17959;18013;18020;15640;15585;18137;18142;18139;18143;18118;18148;15605;17186;17190;17191;17057;17208;17205;17194;17211;14243;18664;18686;18680;18668;18669;18676;18287;18427;18416;18430;18382;18413;18383;18294;18487;18488;18437;18503;18551;18550;18547;18548;18552;14267;15572;15564;15567;15569;15560;15550;15554;15557;15559;15553,6.189254999999999,yen_loopless_exact_link_ids_vdf_fftt,c657f68b37539314
18,OD003_P03,3,2032->5012,2032,5012,3,17959;18013;18020;15640;17180;17181;15603;18148;15605;17186;17190;17191;17057;17208;17205;17194;17211;14243;18664;18686;18680;18668;18669;18676;18287;18427;18416;18430;18382;18413;18383;18294;18487;18488;18437;18503;18551;18550;18547;18548;18552;14267;15572;15564;15567;15569;15560;15550;15554;15557;15559;15553,6.199536333333333,yen_loopless_exact_link_ids_vdf_fftt,7e8a6d3b1ee6aca5
19,OD003_P04,3,2032->5012,2032,5012,4,17959;18013;18020;15640;15585;18137;18142;18139;18143;18118;18148;15605;17186;17190;17191;17057;17208;17205;17206;17195;17210;14243;18664;18686;18680;18668;18669;18676;18286;18294;18487;18488;18437;18503;18551;18550;18547;18548;18552;14267;15572;15564;15567;15569;15560;15550;15554;15557;15559;15553,6.283143333333332,yen_loopless_exact_link_ids_vdf_fftt,7fc7cda694a8802c
20,OD004_P00,4,2032->524,2032,524,0,17959;18013;18020;15640;15585;18137;18142;18139;18116;18163;18166;18156;18167;18090;18228;18227;18230;18212;18232,2.079188666666666,yen_loopless_exact_link_ids_vdf_fftt,7908ec0374beecd3
21,OD004_P01,4,2032->524,2032,524,1,17959;18013;18021;18018;15640;15585;18137;18142;18139;18116;18163;18166;18156;18167;18090;18228;18227;18230;18212;18232,2.2049486666666667,yen_loopless_exact_link_ids_vdf_fftt,01676dd529386032
22,OD004_P02,4,2032->524,2032,524,2,17959;18013;18020;15640;17180;17181;15604;18139;18116;18163;18166;18156;18167;18090;18228;18227;18230;18212;18232,2.4010166666666666,yen_loopless_exact_link_ids_vdf_fftt,00bf06250b43c8a2
23,OD004_P03,4,2032->524,2032,524,3,17959;18013;18021;18018;15640;17180;17181;15604;18139;18116;18163;18166;18156;18167;18090;18228;18227;18230;18212;18232,2.5267766666666667,yen_loopless_exact_link_ids_vdf_fftt,76314a9496bf0192
24,OD004_P04,4,2032->524,2032,524,4,17959;18013;18021;18016;17771;18121;18153;17775;17812;17773;18191;18093;18149;18114;18116;18163;18166;18156;18167;18090;18228;18227;18230;18212;18232,2.635965333333333,yen_loopless_exact_link_ids_vdf_fftt,47f4da1f8adf5d12
25,OD005_P00,5,2682->1492,2682,1492,0,14190;13491;14027;13489;14191;14115;13490;14103;12219;14794;14355;14360;15504;14253;16769;16770;16768;16777;16764;16763;16778;16779;15617;16286;16179;16306;15868;16507;16382;16586;15602;17020;17016;17014;17036,9.023769666666665,yen_loopless_exact_link_ids_vdf_fftt,f8c804bb944548e5
26,OD005_P01,5,2682->1492,2682,1492,1,14190;13491;14027;13489;14191;14115;13490;14110;14111;14104;12219;14794;14355;14360;15504;14253;16769;16770;16768;16777;16764;16763;16778;16779;15617;16286;16179;16306;15868;16507;16382;16586;15602;17020;17016;17014;17036,9.027246666666667,yen_loopless_exact_link_ids_vdf_fftt,2ca8128cec0a52e7
27,OD005_P02,5,2682->1492,2682,1492,2,14190;13491;14027;13489;14191;14115;13490;14103;12219;14794;14355;14360;15504;14253;16769;16770;16768;16777;16764;16763;16778;16779;15617;16285;16287;16179;16306;15868;16507;16382;16586;15602;17020;17016;17014;17036,9.035705666666667,yen_loopless_exact_link_ids_vdf_fftt,b2f38dfe5750d131
28,OD005_P03,5,2682->1492,2682,1492,3,14190;13491;14027;13489;14191;14115;13490;14110;14111;14104;12219;14794;14355;14360;15504;14253;16769;16770;16768;16777;16764;16763;16778;16779;15617;16285;16287;16179;16306;15868;16507;16382;16586;15602;17020;17016;17014;17036,9.039182666666667,yen_loopless_exact_link_ids_vdf_fftt,efc875de2b3d7dae
29,OD005_P04,5,2682->1492,2682,1492,4,14190;13491;14027;13489;14191;14115;13490;14110;14112;14113;14104;12219;14794;14355;14360;15504;14253;16769;16770;16768;16777;16764;16763;16778;16779;15617;16286;16179;16306;15868;16507;16382;16586;15602;17020;17016;17014;17036,9.039818666666667,yen_loopless_exact_link_ids_vdf_fftt,8b39d76bcf5f3d78
30,OD006_P00,6,2682->2032,2682,2032,0,14190;13491;14027;13489;14191;14115;13490;14103;12219;14794;14355;14360;15504;14254;16798;16799;16782;16800;16801;16784;16618;16889;16819;16908;16907;16897;16918;16924;16621;17113;17117;17116;17112;17061;16603;17037;17040;17049;17052;15650;18009;18006,9.21739333333333,yen_loopless_exact_link_ids_vdf_fftt,ec739a7c1733f730
31,OD006_P01,6,2682->2032,2682,2032,1,14190;13491;14027;13489;14191;14115;13490;14110;14111;14104;12219;14794;14355;14360;15504;14254;16798;16799;16782;16800;16801;16784;16618;16889;16819;16908;16907;16897;16918;16924;16621;17113;17117;17116;17112;17061;16603;17037;17040;17049;17052;15650;18009;18006,9.220870333333332,yen_loopless_exact_link_ids_vdf_fftt,30b3c8fdd04a3e7b
32,OD006_P02,6,2682->2032,2682,2032,2,14190;13491;14027;13489;14191;14115;13490;14110;14112;14113;14104;12219;14794;14355;14360;15504;14254;16798;16799;16782;16800;16801;16784;16618;16889;16819;16908;16907;16897;16918;16924;16621;17113;17117;17116;17112;17061;16603;17037;17040;17049;17052;15650;18009;18006,9.233442333333333,yen_loopless_exact_link_ids_vdf_fftt,ae368bf272928dc0
33,OD006_P03,6,2682->2032,2682,2032,3,14190;13491;14027;13489;14191;14115;13490;14103;12219;14794;14355;14360;15504;14254;16798;16799;16782;16800;16801;16784;16618;16889;16819;16908;16907;16897;16918;16924;16621;17113;17117;17116;17112;17061;17167;17166;17158;15632;18014;17958,9.24415,yen_loopless_exact_link_ids_vdf_fftt,aec4eb4aee8a3c45
34,OD006_P04,6,2682->2032,2682,2032,4,14190;13491;14027;13489;14191;14115;13490;14110;14111;14104;12219;14794;14355;14360;15504;14254;16798;16799;16782;16800;16801;16784;16618;16889;16819;16908;16907;16897;16918;16924;16621;17113;17117;17116;17112;17061;17167;17166;17158;15632;18014;17958,9.247627,yen_loopless_exact_link_ids_vdf_fftt,c8c2eea1d32dbaa3
35,OD007_P00,7,2682->4914,2682,4914,0,14190;13491;14027;13489;14191;14188;14205;14199;14195;14120;14166;14150;14151;12228;14245;16366;15616;17481;17479;17482;17485;15636;17907;17814;17818;17904;17825,9.535898333333332,yen_loopless_exact_link_ids_vdf_fftt,2b8d71b8ee615c9b
36,OD007_P01,7,2682->4914,2682,4914,1,14190;13491;14027;13489;14191;14188;14194;14192;14199;14195;14120;14166;14150;14151;12228;14245;16366;15616;17481;17479;17482;17485;15636;17907;17814;17818;17904;17825,9.699232333333333,yen_loopless_exact_link_ids_vdf_fftt,51babf1d74be6103
37,OD007_P02,7,2682->4914,2682,4914,2,14190;13491;14027;13489;14191;14188;14205;14199;14195;14120;14166;14150;14151;12228;14245;16366;15616;17481;17479;17482;17485;15636;17944;17929;17931;17906;17903;17825,9.794642333333334,yen_loopless_exact_link_ids_vdf_fftt,9e0ad4d967cc2e33
38,OD007_P03,7,2682->4914,2682,4914,3,14190;13491;14027;13489;14191;14188;14205;14199;14201;14200;14189;14120;14166;14150;14151;12228;14245;16366;15616;17481;17479;17482;17485;15636;17907;17814;17818;17904;17825,9.873915333333333,yen_loopless_exact_link_ids_vdf_fftt,3fbff1d9d193201b
39,OD007_P04,7,2682->4914,2682,4914,4,14190;13491;14027;13489;14191;14188;14205;14199;14195;14120;14166;14150;14151;12228;14245;16366;15616;17481;17479;17482;17485;15636;17907;17814;18054;18060;18061;17808;17904;17825,9.924141666666666,yen_loopless_exact_link_ids_vdf_fftt,e5876267633794c2
40,OD008_P00,8,3858->1492,3858,1492,0,18164;18117;18140;18115;18154;18120;17772;18015;18018;18019;18014;17958;18007;18005;17811;17946;17947;15592,2.294299333333333,yen_loopless_exact_link_ids_vdf_fftt,d217f24c1bb93b5d
41,OD008_P01,8,3858->1492,3858,1492,1,18164;18117;18140;18115;18154;18120;17772;18015;18018;18019;18014;17960;18010;17828;15592,2.295432,yen_loopless_exact_link_ids_vdf_fftt,4b1899e91f259b62
42,OD008_P02,8,3858->1492,3858,1492,2,18164;18117;18140;18115;18154;18120;17772;18015;18018;18019;18014;17958;18007;18005;17811;17946;17947;15593;17036,2.336249333333333,yen_loopless_exact_link_ids_vdf_fftt,688cab243ca2cad9
43,OD008_P03,8,3858->1492,3858,1492,3,18164;18117;18140;18115;18154;18120;17772;18015;18018;18019;18014;17960;18010;17828;15593;17036,2.337382,yen_loopless_exact_link_ids_vdf_fftt,37410f3bf23f1fda
44,OD008_P04,8,3858->1492,3858,1492,4,18164;18117;18140;18115;18154;18120;17772;18015;18018;18019;18014;17960;18009;18005;17811;17946;17947;15592,2.5506546666666665,yen_loopless_exact_link_ids_vdf_fftt,16d26840f6c64e3d
45,OD009_P00,9,3858->2032,3858,2032,0,18164;18117;18140;18115;18154;18120;17772;18015;18018;18019;18014;17958,1.5379686666666668,yen_loopless_exact_link_ids_vdf_fftt,057039e9195ac022
46,OD009_P01,9,3858->2032,3858,2032,1,18164;18117;18140;18115;18152;17775;17956;18015;18018;18019;18014;17958,1.871024,yen_loopless_exact_link_ids_vdf_fftt,e0c1a41612ecf298
47,OD009_P02,9,3858->2032,3858,2032,2,18164;18117;18140;18141;18138;15584;17180;17179;15632;18014;17958,1.9154446666666667,yen_loopless_exact_link_ids_vdf_fftt,ca8bfc0f284c52bd
48,OD009_P03,9,3858->2032,3858,2032,3,18164;18117;18140;18115;18152;17775;17812;18086;17819;18051;18049;18050;18033;17957;18023;18017;17958,1.9178906666666664,yen_loopless_exact_link_ids_vdf_fftt,3d1846ded2563758
49,OD009_P04,9,3858->2032,3858,2032,4,18164;18117;18140;18115;18154;18120;17772;18015;18018;18019;18014;17960;18009;18006,1.938788,yen_loopless_exact_link_ids_vdf_fftt,86fcab2c3a4a170c
50,OD010_P00,10,3858->4914,3858,4914,0,18164;18117;18140;18115;18152;17775;17812;18086;18085;18063;18081;18071;17815;18056;17808;17904;17825,2.3129753333333323,yen_loopless_exact_link_ids_vdf_fftt,f731f957b201b7ed
51,OD010_P01,10,3858->4914,3858,4914,1,18164;18117;18140;18115;18154;18153;17775;17812;18086;18085;18063;18081;18071;17815;18056;17808;17904;17825,2.3883939999999995,yen_loopless_exact_link_ids_vdf_fftt,f25bc89e6a4fc3bb
52,OD010_P02,10,3858->4914,3858,4914,2,18164;18117;18140;18115;18154;18120;17772;18015;18018;18019;18014;17958;18007;18005;17811;17902;17903;17825,2.492775333333333,yen_loopless_exact_link_ids_vdf_fftt,a3830df841903d59
53,OD010_P03,10,3858->4914,3858,4914,3,18164;18117;18143;18118;18148;15605;17186;17190;17191;17184;17185;17189;17187;15631;17769;17820;18061;17808;17904;17825,2.712636666666666,yen_loopless_exact_link_ids_vdf_fftt,2d2bc0252f8a8a18
54,OD010_P04,10,3858->4914,3858,4914,4,18164;18117;18140;18115;18154;18120;17772;18015;18018;18019;18014;17960;18009;18005;17811;17902;17903;17825,2.7491306666666664,yen_loopless_exact_link_ids_vdf_fftt,e87d6acfdce7526a
55,OD011_P00,11,4285->1492,4285,1492,0,16918;16924;16621;17113;17117;17116;17112;17061;16603;17037;17040;17049;17052;15650;18010;17828;15592,2.4994959999999997,yen_loopless_exact_link_ids_vdf_fftt,40c442cb5da84baf
56,OD011_P01,11,4285->1492,4285,1492,1,16918;16924;16621;17113;17117;17116;17112;17061;16603;17037;17040;17049;17052;15650;18010;17828;15593;17036,2.5414459999999996,yen_loopless_exact_link_ids_vdf_fftt,912b41f830a114ce
57,OD011_P02,11,4285->1492,4285,1492,2,16918;16924;16621;17113;17117;17116;17112;17061;16603;17037;17040;17049;17052;15650;18009;18005;17811;17946;17947;15592,2.7547186666666663,yen_loopless_exact_link_ids_vdf_fftt,9a9b4ad3751230e8
58,OD011_P03,11,4285->1492,4285,1492,3,16918;16924;16621;17113;17117;17116;17112;17061;16603;17037;17040;17049;17052;15650;18009;18005;17811;17946;17947;15593;17036,2.7966686666666662,yen_loopless_exact_link_ids_vdf_fftt,b617963338fa6054
59,OD011_P04,11,4285->1492,4285,1492,4,16918;16924;16621;17113;17117;17116;17112;17061;16603;17037;17040;17049;17052;15650;18010;18011;18008;17811;17946;17947;15592,2.8392806666666663,yen_loopless_exact_link_ids_vdf_fftt,8a6bebaa3b00e3a8
60,OD012_P00,12,4285->2032,4285,2032,0,16918;16924;16621;17113;17117;17116;17112;17061;16603;17037;17040;17049;17052;15650;18009;18006,2.142852,yen_loopless_exact_link_ids_vdf_fftt,1897d93ea86d0b30
61,OD012_P01,12,4285->2032,4285,2032,1,16918;16924;16621;17113;17117;17116;17112;17061;17167;17166;17158;15632;18014;17958,2.169608666666666,yen_loopless_exact_link_ids_vdf_fftt,655691d01da0efd4
62,OD012_P02,12,4285->2032,4285,2032,2,16918;16924;16621;17113;17117;17116;17112;17061;17167;17166;17158;15632;18014;17960;18009;18006,2.5704279999999993,yen_loopless_exact_link_ids_vdf_fftt,3e5818216ceba97e
63,OD012_P03,12,4285->2032,4285,2032,3,16918;16924;16621;17113;17117;17116;17112;17061;17167;17166;17158;17178;17181;15604;18115;18154;18120;17772;18015;18018;18019;18014;17958,2.619016666666666,yen_loopless_exact_link_ids_vdf_fftt,c6b0d7ca48fee230
64,OD012_P04,12,4285->2032,4285,2032,4,16918;16924;16621;17113;17117;17116;17112;17061;16603;17037;17040;17049;17052;15650;18010;18011;18008;18012;18004;18006,2.6239539999999995,yen_loopless_exact_link_ids_vdf_fftt,378b10ace8581a2d
65,OD013_P00,13,4285->4914,4285,4914,0,16918;16924;16621;17113;17117;17116;17112;17061;16603;17037;17040;17049;17052;15650;18009;18005;17811;17902;17903;17825,2.953194666666666,yen_loopless_exact_link_ids_vdf_fftt,a8bc8a61063d156a
66,OD013_P01,13,4285->4914,4285,4914,1,16918;16924;16621;17113;17117;17116;17112;17061;16603;17037;17040;17049;17052;15650;18010;18011;18008;17811;17902;17903;17825,3.037756666666666,yen_loopless_exact_link_ids_vdf_fftt,25a27f196884cf59
67,OD013_P02,13,4285->4914,4285,4914,2,16918;16924;16621;17113;17117;17116;17112;17061;17167;17166;17158;15632;18014;17958;18007;18005;17811;17902;17903;17825,3.1244153333333324,yen_loopless_exact_link_ids_vdf_fftt,871b53cdffc47c18
68,OD013_P03,13,4285->4914,4285,4914,3,16918;16924;16621;17113;17117;17116;17112;17123;17120;17125;17068;17170;17162;17176;17164;17187;15631;17769;17820;18061;17808;17904;17825,3.2292386666666664,yen_loopless_exact_link_ids_vdf_fftt,78d4e264c7d98d4d
69,OD013_P04,13,4285->4914,4285,4914,4,16918;16924;16621;17113;17117;17116;17112;17061;17167;17166;17158;15632;18014;17960;18009;18005;17811;17902;17903;17825,3.380770666666666,yen_loopless_exact_link_ids_vdf_fftt,323277b20684180a
70,OD014_P00,14,4575->2032,4575,2032,0,15990;16154;16155;16156;16145;15892;16177;16297;16296;16290;16173;16315;16314;16309;16316;16325;15865;16510;16554;16551;16382;16586;15602;17020;17016;17014;17036;16953;15619;18011;18008;18012;18004;18006,5.50118,yen_loopless_exact_link_ids_vdf_fftt,640d1a24fc2a399e
71,OD014_P01,14,4575->2032,4575,2032,1,15990;16154;16155;16156;16145;15892;16246;16241;16248;16233;16250;16249;16175;16257;16275;16170;16310;16308;16321;16320;16316;16325;15865;16510;16554;16551;16382;16586;15602;17020;17016;17014;17036;16953;15619;18011;18008;18012;18004;18006,5.558269999999999,yen_loopless_exact_link_ids_vdf_fftt,3d2bde2fc30711f9
72,OD014_P02,14,4575->2032,4575,2032,2,15990;16154;16155;16156;16145;15892;16177;16297;16296;16290;16173;16315;16314;16309;16322;16317;16323;15868;16507;16382;16586;15602;17020;17016;17014;17036;16953;15619;18011;18008;18012;18004;18006,5.597696666666667,yen_loopless_exact_link_ids_vdf_fftt,09b14d7afe7a774b
73,OD014_P03,14,4575->2032,4575,2032,3,15990;16154;16155;16156;16145;15892;16246;16241;16248;16233;16250;16249;16175;16257;16275;16170;16310;16308;16321;16319;16317;16323;15868;16507;16382;16586;15602;17020;17016;17014;17036;16953;15619;18011;18008;18012;18004;18006,5.602841333333333,yen_loopless_exact_link_ids_vdf_fftt,f89a97abe800c19e
74,OD014_P04,14,4575->2032,4575,2032,4,15990;16154;16155;16156;16145;15892;16177;16297;16296;16290;16173;16315;16314;16309;16316;16325;15865;16510;16554;16551;16382;16586;15602;17020;17016;17014;17036;16953;17050;17047;17048;17052;15650;18009;18006,5.603212,yen_loopless_exact_link_ids_vdf_fftt,bbce1ba6bba48fc2
75,OD015_P00,15,4575->4914,4575,4914,0,15990;16154;16155;16156;16145;15892;16177;16297;16296;16290;16173;16315;16314;16309;16316;16325;15865;16510;16554;16551;16382;16586;16585;16583;16573;16600;16599;15645;17031;15586;17931;17906;17903;17825,5.551374000000002,yen_loopless_exact_link_ids_vdf_fftt,ab0234c61feb8a0f
76,OD015_P01,15,4575->4914,4575,4914,1,15990;16154;16155;16156;16145;15892;16177;16297;16296;16290;16173;16315;16314;16309;16316;16325;15865;16510;16554;16551;16382;16586;16585;16583;16573;16600;16599;15645;17032;17029;17028;15586;17931;17906;17903;17825,5.600798,yen_loopless_exact_link_ids_vdf_fftt,380830a3802e3212
77,OD015_P02,15,4575->4914,4575,4914,2,15990;16154;16155;16156;16145;15892;16246;16241;16248;16233;16250;16249;16175;16257;16275;16170;16310;16308;16321;16320;16316;16325;15865;16510;16554;16551;16382;16586;16585;16583;16573;16600;16599;15645;17031;15586;17931;17906;17903;17825,5.608464,yen_loopless_exact_link_ids_vdf_fftt,1dfaf0d49bbeb55b
78,OD015_P03,15,4575->4914,4575,4914,3,15990;16154;16155;16156;16145;15892;16177;16297;16296;16290;16173;16315;16314;16309;16316;16325;15865;16510;16553;16556;16373;16575;16581;16567;16589;16594;15641;17481;17479;17482;17485;15636;17907;17814;17818;17904;17825,5.629391333333333,yen_loopless_exact_link_ids_vdf_fftt,6d26b1d204b8aa73
79,OD015_P04,15,4575->4914,4575,4914,4,15990;16154;16155;16156;16145;15892;16177;16297;16296;16290;16173;16315;16314;16309;16322;16317;16323;15868;16507;16382;16586;16585;16583;16573;16600;16599;15645;17031;15586;17931;17906;17903;17825,5.647890666666666,yen_loopless_exact_link_ids_vdf_fftt,99f0d583b43f769c
80,OD016_P00,16,4694->2032,4694,2032,0,16826;16940;16936;16610;17063;15611;17770;17956;18015;18018;18019;18014;17958,2.8199879999999995,yen_loopless_exact_link_ids_vdf_fftt,63412de7a5a445ac
81,OD016_P01,16,4694->2032,4694,2032,1,16826;16940;16936;16610;17063;15611;17770;17812;18086;17819;18051;18049;18050;18033;17957;18023;18017;17958,2.8668546666666663,yen_loopless_exact_link_ids_vdf_fftt,669b6b7ae84f1d3a
82,OD016_P02,16,4694->2032,4694,2032,2,16826;16940;16936;16610;17063;15611;17770;17956;18015;18018;18019;18014;17960;18009;18006,3.220807333333333,yen_loopless_exact_link_ids_vdf_fftt,a1bd27e39c11ef6b
83,OD016_P03,16,4694->2032,4694,2032,3,16826;16940;16936;16610;17063;15611;17770;17812;18086;17819;18051;18049;18050;18033;17957;18023;18017;17960;18009;18006,3.2676739999999995,yen_loopless_exact_link_ids_vdf_fftt,7f917608d5582f64
84,OD016_P04,16,4694->2032,4694,2032,4,16826;16940;16936;16610;17063;15611;17770;17812;18086;18085;18063;18081;18084;18067;18077;17817;17961;18048;18050;18033;17957;18023;18017;17958,3.3215839999999996,yen_loopless_exact_link_ids_vdf_fftt,3fdeb44d7b1d54d4
85,OD017_P00,17,5012->1492,5012,1492,0,15552;15558;15556;15555;15551;15561;15568;15562;15571;14269;18442;18281;18361;18377;18285;18674;18670;18661;18666;18679;14258;17204;17209;17056;17184;17185;17189;17160;15604;18115;18154;18120;17772;18015;18018;18019;18014;17958;18007;18005;17811;17946;17947;15592,6.600347333333331,yen_loopless_exact_link_ids_vdf_fftt,97dbf64e517499dc
86,OD017_P01,17,5012->1492,5012,1492,1,15552;15558;15556;15555;15551;15561;15568;15562;15571;14269;18442;18281;18361;18377;18285;18674;18670;18661;18666;18679;14258;17204;17209;17056;17184;17185;17189;17160;15604;18115;18154;18120;17772;18015;18018;18019;18014;17960;18010;17828;15592,6.60148,yen_loopless_exact_link_ids_vdf_fftt,d093b89cd826e896
87,OD017_P02,17,5012->1492,5012,1492,2,15552;15558;15556;15555;15551;15561;15568;15562;15571;14269;18442;18281;18380;18412;18415;18407;18411;18362;18377;18285;18674;18670;18661;18666;18679;14258;17204;17209;17056;17184;17185;17189;17160;15604;18115;18154;18120;17772;18015;18018;18019;18014;17958;18007;18005;17811;17946;17947;15592,6.617565333333332,yen_loopless_exact_link_ids_vdf_fftt,6b7c0a9a9fb59c07
88,OD017_P03,17,5012->1492,5012,1492,3,15552;15558;15556;15555;15551;15561;15568;15562;15571;14269;18442;18281;18380;18412;18415;18407;18411;18362;18377;18285;18674;18670;18661;18666;18679;14258;17204;17209;17056;17184;17185;17189;17160;15604;18115;18154;18120;17772;18015;18018;18019;18014;17960;18010;17828;15592,6.618697999999999,yen_loopless_exact_link_ids_vdf_fftt,96edb9ad20b82e0f
89,OD017_P04,17,5012->1492,5012,1492,4,15552;15558;15556;15555;15551;15561;15568;15562;15571;14269;18442;18281;18361;18377;18285;18674;18670;18661;18666;18679;14258;17204;17209;17056;17184;17185;17189;17160;15604;18115;18154;18120;17772;18015;18018;18019;18014;17958;18007;18005;17811;17946;17947;15593;17036,6.642297333333333,yen_loopless_exact_link_ids_vdf_fftt,ce2252eecdc585f6
90,OD018_P00,18,5012->2032,5012,2032,0,15552;15558;15556;15555;15551;15561;15568;15562;15571;14269;18442;18281;18361;18377;18285;18674;18670;18661;18666;18679;14258;17204;17209;17056;17184;17185;17189;17160;15604;18115;18154;18120;17772;18015;18018;18019;18014;17958,5.844016666666665,yen_loopless_exact_link_ids_vdf_fftt,9fc648b4abb3cfcc
91,OD018_P01,18,5012->2032,5012,2032,1,15552;15558;15556;15555;15551;15561;15568;15562;15571;14269;18442;18281;18380;18412;18415;18407;18411;18362;18377;18285;18674;18670;18661;18666;18679;14258;17204;17209;17056;17184;17185;17189;17160;15604;18115;18154;18120;17772;18015;18018;18019;18014;17958,5.861234666666666,yen_loopless_exact_link_ids_vdf_fftt,447e1b18a0faf8be
92,OD018_P02,18,5012->2032,5012,2032,2,15552;15558;15556;15555;15551;15561;15568;15562;15571;14269;18442;18281;18361;18377;18285;18674;18670;18661;18666;18679;14258;17204;17209;17056;17184;17185;17189;17160;15604;18115;18152;17775;17956;18015;18018;18019;18014;17958,6.177072,yen_loopless_exact_link_ids_vdf_fftt,4cf6d5322454aac5
93,OD018_P03,18,5012->2032,5012,2032,3,15552;15558;15556;15555;15551;15561;15568;15562;15571;14269;18442;18281;18380;18412;18415;18407;18411;18362;18377;18285;18674;18670;18661;18666;18679;14258;17204;17209;17056;17184;17185;17189;17160;15604;18115;18152;17775;17956;18015;18018;18019;18014;17958,6.19429,yen_loopless_exact_link_ids_vdf_fftt,a32c94ff19faf00c
94,OD018_P04,18,5012->2032,5012,2032,4,15552;15558;15556;15555;15551;15561;15568;15562;15571;14269;18442;18281;18361;18377;18285;18674;18670;18661;18666;18679;14258;17204;17209;17056;17184;17185;17189;17160;15604;18141;18138;15584;17180;17179;15632;18014;17958,6.221492666666666,yen_loopless_exact_link_ids_vdf_fftt,c12360944f845c6a
95,OD019_P00,19,5012->4914,5012,4914,0,15552;15558;15556;15555;15551;15561;15568;15562;15571;14269;18442;18281;18361;18377;18285;18674;18670;18661;18666;18679;14258;17204;17209;17056;17184;17185;17189;17187;15631;17769;17820;18061;17808;17904;17825,6.254252,yen_loopless_exact_link_ids_vdf_fftt,570d2c16b8f5b376
96,OD019_P01,19,5012->4914,5012,4914,1,15552;15558;15556;15555;15551;15561;15568;15562;15571;14269;18442;18281;18380;18412;18415;18407;18411;18362;18377;18285;18674;18670;18661;18666;18679;14258;17204;17209;17056;17184;17185;17189;17187;15631;17769;17820;18061;17808;17904;17825,6.27147,yen_loopless_exact_link_ids_vdf_fftt,5d9e80acab2ed81c
97,OD019_P02,19,5012->4914,5012,4914,2,15552;15558;15556;15555;15551;15561;15568;15562;15571;14269;18442;18281;18361;18377;18285;18674;18670;18661;18666;18679;14258;17204;17209;17056;17184;17185;17189;17160;15604;18115;18152;17775;17812;18086;18085;18063;18081;18071;17815;18056;17808;17904;17825,6.619023333333332,yen_loopless_exact_link_ids_vdf_fftt,173ce43f2aa68a71
98,OD019_P03,19,5012->4914,5012,4914,3,15552;15558;15556;15555;15551;15561;15568;15562;15571;14269;18442;18281;18380;18412;18415;18407;18411;18362;18377;18285;18674;18670;18661;18666;18679;14258;17204;17209;17056;17184;17185;17189;17160;15604;18115;18152;17775;17812;18086;18085;18063;18081;18071;17815;18056;17808;17904;17825,6.6362413333333325,yen_loopless_exact_link_ids_vdf_fftt,fcc1a056c6c67b86
99,OD019_P04,19,5012->4914,5012,4914,4,15552;15558;15556;15555;15551;15561;15568;15562;15571;14269;18442;18281;18361;18377;18285;18674;18670;18661;18666;18679;14258;17204;17209;17056;17184;17185;17189;17160;15604;18115;18154;18153;17775;17812;18086;18085;18063;18081;18071;17815;18056;17808;17904;17825,6.694441999999999,yen_loopless_exact_link_ids_vdf_fftt,d85c481ef51b0806
100,OD020_P00,20,5039->1492,5039,1492,0,15997;16105;15986;16146;16148;16152;16143;16165;15861;16485;16455;16497;16498;16501;16381;16512;16513;16554;16551;16382;16586;15602;17020;17016;17014;17036,4.362839999999999,yen_loopless_exact_link_ids_vdf_fftt,533c7b45b663c396
101,OD020_P01,20,5039->1492,5039,1492,1,15997;16105;15988;16137;15893;16340;16338;16336;16333;16343;16358;16335;16361;15879;15621;17481;17479;17482;17485;15636;17944;17929;15587;17027;17025;17034;17015;15591;15592,4.672044333333333,yen_loopless_exact_link_ids_vdf_fftt,38aaa20c5fc44f05
102,OD020_P02,20,5039->1492,5039,1492,2,15997;16105;15988;16137;15893;16340;16338;16336;16333;16343;16358;16334;15879;15621;17481;17479;17482;17485;15636;17944;17929;15587;17027;17025;17034;17015;15591;15592,4.686705333333332,yen_loopless_exact_link_ids_vdf_fftt,6a12f7e2199ee82c
103,OD020_P03,20,5039->1492,5039,1492,3,15997;16105;15988;16137;15893;16340;16338;16336;16333;16343;16358;16335;16361;15879;15621;17481;17479;17482;17485;15636;17944;17929;15587;17027;17025;17034;17015;15591;15593;17036,4.713994333333333,yen_loopless_exact_link_ids_vdf_fftt,7e2a8886b23a64e4
104,OD020_P04,20,5039->1492,5039,1492,4,15997;16105;15988;16137;15893;16340;16338;16336;16333;16343;16358;16334;15879;15621;17481;17479;17482;17485;15636;17944;17929;15587;17027;17025;17034;17015;15591;15593;17036,4.728655333333332,yen_loopless_exact_link_ids_vdf_fftt,6004e3386dc979b3
105,OD021_P00,21,5039->2032,5039,2032,0,15997;16105;15988;16137;15893;16340;16338;16336;16333;16343;16358;16335;16361;15879;15621;17481;17479;17482;17485;15636;17907;17814;17818;17904;17951;17826;18004;18006,5.052474333333333,yen_loopless_exact_link_ids_vdf_fftt,602d08e91ce5271a
106,OD021_P01,21,5039->2032,5039,2032,1,15997;16105;15988;16137;15893;16340;16338;16336;16333;16343;16358;16334;15879;15621;17481;17479;17482;17485;15636;17907;17814;17818;17904;17951;17826;18004;18006,5.067135333333333,yen_loopless_exact_link_ids_vdf_fftt,aa6bb6f7e493dccf
107,OD021_P02,21,5039->2032,5039,2032,2,15997;16105;15988;16137;15893;16340;16338;16336;16333;16343;16358;16335;16361;15879;15621;17481;17479;17482;17485;15636;17944;17929;17931;17905;17829;18008;18012;18004;18006,5.2158723333333326,yen_loopless_exact_link_ids_vdf_fftt,8e4d0acd3bd8b8d3
108,OD021_P03,21,5039->2032,5039,2032,3,15997;16105;15988;16137;15893;16340;16338;16336;16333;16343;16358;16334;15879;15621;17481;17479;17482;17485;15636;17944;17929;17931;17905;17829;18008;18012;18004;18006,5.230533333333333,yen_loopless_exact_link_ids_vdf_fftt,6192ee3333c2de5f
109,OD021_P04,21,5039->2032,5039,2032,4,15997;16105;15986;16146;16148;16152;16143;16165;15861;16485;16455;16497;16498;16501;16381;16512;16513;16554;16551;16382;16586;15602;17020;17016;17014;17036;16953;15619;18011;18008;18012;18004;18006,5.24256,yen_loopless_exact_link_ids_vdf_fftt,a4e456fe1167a4c4
110,OD022_P00,22,5039->4914,5039,4914,0,15997;16105;15988;16137;15893;16340;16338;16336;16333;16343;16358;16335;16361;15879;15621;17481;17479;17482;17485;15636;17907;17814;17818;17904;17825,4.5566163333333325,yen_loopless_exact_link_ids_vdf_fftt,e00217faf0aef8d3
111,OD022_P01,22,5039->4914,5039,4914,1,15997;16105;15988;16137;15893;16340;16338;16336;16333;16343;16358;16334;15879;15621;17481;17479;17482;17485;15636;17907;17814;17818;17904;17825,4.571277333333333,yen_loopless_exact_link_ids_vdf_fftt,8e5839a62230b372
112,OD022_P02,22,5039->4914,5039,4914,2,15997;16105;15988;16137;15893;16340;16338;16336;16333;16343;16358;16335;16361;15879;15621;17481;17479;17482;17485;15636;17944;17929;17931;17906;17903;17825,4.815360333333333,yen_loopless_exact_link_ids_vdf_fftt,3b9ce04889e1c90e
113,OD022_P03,22,5039->4914,5039,4914,3,15997;16105;15988;16137;15893;16340;16338;16336;16333;16343;16358;16334;15879;15621;17481;17479;17482;17485;15636;17944;17929;17931;17906;17903;17825,4.830021333333333,yen_loopless_exact_link_ids_vdf_fftt,0a7a363c13ff79bc
114,OD022_P04,22,5039->4914,5039,4914,4,15997;16105;15988;16137;15893;16340;16338;16336;16333;16343;16358;16335;16361;15879;15621;17481;17479;17482;17485;15636;17907;17814;18054;18060;18061;17808;17904;17825,4.944859666666666,yen_loopless_exact_link_ids_vdf_fftt,ddfa6c30147dcbab
115,OD023_P00,23,524->1492,524,1492,0,18233;18213;18231;18226;18229;18089;18168;18155;18165;18164;18117;18140;18115;18154;18120;17772;18015;18018;18019;18014;17958;18007;18005;17811;17946;17947;15592,2.9665273333333335,yen_loopless_exact_link_ids_vdf_fftt,e56bcbacd2ee470a
116,OD023_P01,23,524->1492,524,1492,1,18233;18213;18231;18226;18229;18089;18168;18155;18165;18164;18117;18140;18115;18154;18120;17772;18015;18018;18019;18014;17960;18010;17828;15592,2.96766,yen_loopless_exact_link_ids_vdf_fftt,bd841a8ef064e139
117,OD023_P02,23,524->1492,524,1492,2,18233;18213;18231;18226;18229;18089;18168;18155;18165;18164;18117;18140;18115;18154;18120;17772;18015;18018;18019;18014;17958;18007;18005;17811;17946;17947;15593;17036,3.008477333333333,yen_loopless_exact_link_ids_vdf_fftt,26f32671e3921e3c
118,OD023_P03,23,524->1492,524,1492,3,18233;18213;18231;18226;18229;18089;18168;18155;18165;18164;18117;18140;18115;18154;18120;17772;18015;18018;18019;18014;17960;18010;17828;15593;17036,3.00961,yen_loopless_exact_link_ids_vdf_fftt,ef6b2785abcb4a23
119,OD023_P04,23,524->1492,524,1492,4,18233;18213;18231;18226;18229;18089;18168;18155;18165;18164;18117;18140;18115;18154;18120;17772;18015;18018;18019;18014;17960;18009;18005;17811;17946;17947;15592,3.2228826666666666,yen_loopless_exact_link_ids_vdf_fftt,9df4c95a93ba0274
120,OD024_P00,24,524->2032,524,2032,0,18233;18213;18231;18226;18229;18089;18168;18155;18165;18164;18117;18140;18115;18154;18120;17772;18015;18018;18019;18014;17958,2.210196666666667,yen_loopless_exact_link_ids_vdf_fftt,9c3ea881422a73bb
121,OD024_P01,24,524->2032,524,2032,1,18233;18213;18231;18226;18229;18089;18168;18155;18165;18164;18117;18140;18115;18152;17775;17956;18015;18018;18019;18014;17958,2.543252,yen_loopless_exact_link_ids_vdf_fftt,eaa2da7b3763c016
122,OD024_P02,24,524->2032,524,2032,2,18233;18213;18231;18226;18229;18089;18168;18155;18165;18164;18117;18140;18141;18138;15584;17180;17179;15632;18014;17958,2.5876726666666667,yen_loopless_exact_link_ids_vdf_fftt,eb1f6a23e584fc69
123,OD024_P03,24,524->2032,524,2032,3,18233;18213;18231;18226;18229;18089;18168;18155;18165;18164;18117;18140;18115;18152;17775;17812;18086;17819;18051;18049;18050;18033;17957;18023;18017;17958,2.5901186666666662,yen_loopless_exact_link_ids_vdf_fftt,127d463103ec86be
124,OD024_P04,24,524->2032,524,2032,4,18233;18213;18231;18226;18229;18089;18168;18155;18165;18164;18117;18140;18115;18154;18120;17772;18015;18018;18019;18014;17960;18009;18006,2.611016,yen_loopless_exact_link_ids_vdf_fftt,a3c36ed0e2cb80fc
125,OD025_P00,25,524->4914,524,4914,0,18233;18213;18231;18226;18229;18089;18168;18155;18165;18164;18117;18140;18115;18152;17775;17812;18086;18085;18063;18081;18071;17815;18056;17808;17904;17825,2.9852033333333328,yen_loopless_exact_link_ids_vdf_fftt,b7434f5dc4e0acd4
126,OD025_P01,25,524->4914,524,4914,1,18233;18213;18231;18226;18229;18089;18168;18155;18165;18164;18117;18140;18115;18154;18153;17775;17812;18086;18085;18063;18081;18071;17815;18056;17808;17904;17825,3.0606219999999995,yen_loopless_exact_link_ids_vdf_fftt,af18b285b5c9e28d
127,OD025_P02,25,524->4914,524,4914,2,18214;18240;18201;18242;18091;18197;18198;18194;18188;18193;18185;18189;17774;18086;18085;18063;18081;18071;17815;18056;17808;17904;17825,3.1030499999999996,yen_loopless_exact_link_ids_vdf_fftt,d11f0b2031e8ad90
128,OD025_P03,25,524->4914,524,4914,3,18233;18213;18231;18226;18229;18089;18168;18155;18165;18164;18117;18140;18115;18154;18120;17772;18015;18018;18019;18014;17958;18007;18005;17811;17902;17903;17825,3.165003333333333,yen_loopless_exact_link_ids_vdf_fftt,033acfe67f83408b
129,OD025_P04,25,524->4914,524,4914,4,18234;18205;18203;18240;18201;18242;18091;18197;18198;18194;18188;18193;18185;18189;17774;18086;18085;18063;18081;18071;17815;18056;17808;17904;17825,3.3461159999999994,yen_loopless_exact_link_ids_vdf_fftt,5a720b8c24f7847f
