round,demand_id,artificial_flow
0,B01,5.133236568999581
0,B02,0.6466526377612567
0,B03,-0.0
0,B04,0.18341459663795456
0,B05,4.272422887405358
0,B06,-0.0
0,B07,0.36462212977800723
0,B08,3.7643986975595034
0,B09,4.598372854440392
0,B10,1.5904925248104786
1,B01,5.133236568999581
1,B02,0.6466526377612567
1,B03,-0.0
1,B04,0.18341459663795456
1,B05,4.272422887405358
1,B06,-0.0
1,B07,0.0
1,B08,3.7643986975595034
1,B09,3.5150395211070586
1,B10,2.673825858143812
2,B01,5.133236568999581
2,B02,0.6466526377612567
2,B03,-0.0
2,B04,0.18341459663795456
2,B05,4.272422887405358
2,B06,-0.0
2,B07,0.0
2,B08,3.7643986975595034
2,B09,3.5150395211070586
2,B10,2.673825858143812
3,B01,5.133236568999581
3,B02,0.6466526377612567
3,B03,-0.0
3,B04,0.18341459663795456
3,B05,4.272422887405358
3,B06,-0.0
3,B07,0.0
3,B08,3.7643986975595034
3,B09,4.598372854440392
3,B10,1.5904925248104786
4,B01,5.133236568999581
4,B02,0.6466526377612567
4,B03,-0.0
4,B04,0.18341459663795456
4,B05,4.272422887405358
4,B06,-0.0
4,B07,0.0
4,B08,2.6810653642261704
4,B09,4.598372854440392
4,B10,2.673825858143812
5,B01,5.133236568999581
5,B02,0.0
5,B03,-0.0
5,B04,0.18341459663795456
5,B05,4.272422887405358
5,B06,-0.0
5,B07,0.0
5,B08,3.7643986975595034
5,B09,4.598372854440392
5,B10,1.5904925248104786
6,B01,5.133236568999581
6,B02,0.0
6,B03,-0.0
6,B04,0.18341459663795456
6,B05,4.272422887405358
6,B06,-0.0
6,B07,0.0
6,B08,2.6810653642261704
6,B09,3.5150395211070586
6,B10,2.673825858143812
7,B01,5.133236568999581
7,B02,0.0
7,B03,-0.0
7,B04,0.18341459663795456
7,B05,4.272422887405358
7,B06,-0.0
7,B07,0.0
7,B08,2.6810653642261704
7,B09,2.4317061877737256
7,B10,2.673825858143812
8,B01,5.133236568999581
8,B02,0.0
8,B03,-0.0
8,B04,0.18341459663795456
8,B05,4.272422887405358
8,B06,-0.0
8,B07,0.0
8,B08,2.6810653642261704
8,B09,2.4317061877737256
8,B10,2.673825858143812
9,B01,5.133236568999581
9,B02,0.0
9,B03,-0.0
9,B04,0.18341459663795456
9,B05,4.272422887405358
9,B06,-0.0
9,B07,0.0
9,B08,3.7643986975595034
9,B09,1.3483728544403923
9,B10,1.5904925248104786
10,B01,5.133236568999581
10,B02,0.0
10,B03,-0.0
10,B04,0.18341459663795456
10,B05,4.272422887405358
10,B06,-0.0
10,B07,0.0
10,B08,3.7643986975595034
10,B09,1.3483728544403923
10,B10,1.5904925248104786
11,B01,5.133236568999581
11,B02,0.0
11,B03,-0.0
11,B04,0.18341459663795456
11,B05,4.272422887405358
11,B06,-0.0
11,B07,0.0
11,B08,2.6810653642261704
11,B09,1.3483728544403923
11,B10,2.673825858143812
12,B01,5.133236568999581
12,B02,0.0
12,B03,-0.0
12,B04,0.18341459663795456
12,B05,4.272422887405358
12,B06,-0.0
12,B07,0.0
12,B08,3.7643986975595034
12,B09,1.3483728544403923
12,B10,1.5904925248104786
13,B01,5.133236568999581
13,B02,0.0
13,B03,-0.0
13,B04,0.18341459663795456
13,B05,4.272422887405358
13,B06,-0.0
13,B07,0.0
13,B08,3.7643986975595034
13,B09,1.3483728544403923
13,B10,1.5904925248104786
14,B01,5.133236568999581
14,B02,0.0
14,B03,-0.0
14,B04,0.18341459663795456
14,B05,4.272422887405358
14,B06,-0.0
14,B07,0.0
14,B08,3.7643986975595034
14,B09,1.3483728544403923
14,B10,1.5904925248104786
15,B01,5.133236568999581
15,B02,0.0
15,B03,-0.0
15,B04,0.18341459663795456
15,B05,4.272422887405358
15,B06,-0.0
15,B07,0.0
15,B08,3.7643986975595034
15,B09,1.3483728544403923
15,B10,1.5904925248104786
16,B01,5.133236568999581
16,B02,0.0
16,B03,-0.0
16,B04,0.18341459663795456
16,B05,4.272422887405358
16,B06,-0.0
16,B07,0.0
16,B08,2.6810653642261704
16,B09,1.3483728544403923
16,B10,2.673825858143812
17,B01,5.133236568999581
17,B02,0.0
17,B03,-0.0
17,B04,0.18341459663795456
17,B05,4.272422887405358
17,B06,-0.0
17,B07,0.0
17,B08,2.6810653642261704
17,B09,0.2650395211070591
17,B10,2.673825858143812
18,B01,5.133236568999581
18,B02,0.0
18,B03,-0.0
18,B04,0.18341459663795456
18,B05,4.272422887405358
18,B06,-0.0
18,B07,0.0
18,B08,3.7643986975595034
18,B09,0.2650395211070591
18,B10,1.5904925248104786
19,B01,5.133236568999581
19,B02,0.0
19,B03,-0.0
19,B04,0.18341459663795456
19,B05,4.272422887405358
19,B06,-0.0
19,B07,0.0
19,B08,2.6810653642261704
19,B09,0.2650395211070591
19,B10,2.673825858143812
20,B01,5.133236568999581
20,B02,0.0
20,B03,-0.0
20,B04,0.18341459663795456
20,B05,4.272422887405358
20,B06,-0.0
20,B07,0.0
20,B08,3.7643986975595034
20,B09,0.0
20,B10,1.5904925248104786
21,B01,5.133236568999581
21,B02,0.0
21,B03,-0.0
21,B04,0.18341459663795456
21,B05,4.272422887405358
21,B06,-0.0
21,B07,0.0
21,B08,3.7643986975595034
21,B09,0.0
21,B10,1.5904925248104786
22,B01,5.133236568999581
22,B02,0.0
22,B03,-0.0
22,B04,0.18341459663795456
22,B05,4.272422887405358
22,B06,-0.0
22,B07,0.0
22,B08,2.6810653642261704
22,B09,0.0
22,B10,2.2646789520306747
23,B01,5.133236568999581
23,B02,0.0
23,B03,-0.0
23,B04,0.18341459663795456
23,B05,4.272422887405358
23,B06,-0.0
23,B07,0.0
23,B08,2.6810653642261704
23,B09,0.0
23,B10,1.8555320459175377
24,B01,5.133236568999581
24,B02,0.0
24,B03,-0.0
24,B04,0.18341459663795456
24,B05,4.272422887405358
24,B06,-0.0
24,B07,0.0
24,B08,2.6810653642261704
24,B09,0.2650395211070591
24,B10,1.5904925248104786
25,B01,5.133236568999581
25,B02,0.0
25,B03,-0.0
25,B04,0.18341459663795456
25,B05,4.272422887405358
25,B06,-0.0
25,B07,0.0
25,B08,2.6810653642261704
25,B09,0.2650395211070591
25,B10,1.5904925248104786
26,B01,5.133236568999581
26,B02,0.0
26,B03,-0.0
26,B04,0.18341459663795456
26,B05,4.272422887405358
26,B06,-0.0
26,B07,0.0
26,B08,2.6810653642261704
26,B09,0.2650395211070591
26,B10,1.5904925248104786
27,B01,5.133236568999581
27,B02,0.0
27,B03,-0.0
27,B04,0.18341459663795456
27,B05,4.272422887405358
27,B06,-0.0
27,B07,0.0
27,B08,2.6810653642261704
27,B09,0.2650395211070591
27,B10,1.5904925248104786
28,B01,5.133236568999581
28,B02,0.0
28,B03,-0.0
28,B04,0.18341459663795456
28,B05,4.272422887405358
28,B06,-0.0
28,B07,0.0
28,B08,2.6810653642261704
28,B09,0.2650395211070591
28,B10,1.5904925248104786
29,B01,5.133236568999581
29,B02,0.0
29,B03,-0.0
29,B04,0.18341459663795456
29,B05,4.272422887405358
29,B06,-0.0
29,B07,0.0
29,B08,2.6810653642261704
29,B09,0.2650395211070591
29,B10,1.5904925248104786
30,B01,5.133236568999581
30,B02,0.0
30,B03,-0.0
30,B04,0.18341459663795456
30,B05,4.272422887405358
30,B06,-0.0
30,B07,0.0
30,B08,2.6810653642261704
30,B09,0.0
30,B10,1.5804865134437465
31,B01,5.133236568999581
31,B02,0.0
31,B03,-0.0
31,B04,0.18341459663795456
31,B05,4.272422887405358
31,B06,-0.0
31,B07,0.0
31,B08,2.6810653642261704
31,B09,0.0
31,B10,1.5804865134437465
32,B01,5.133236568999581
32,B02,0.0
32,B03,-0.0
32,B04,0.18341459663795456
32,B05,4.272422887405358
32,B06,-0.0
32,B07,0.0
32,B08,2.6810653642261704
32,B09,0.0
32,B10,1.5704805020770152
33,B01,5.133236568999581
33,B02,0.0
33,B03,-0.0
33,B04,0.18341459663795456
33,B05,4.272422887405358
33,B06,-0.0
33,B07,0.0
33,B08,2.6810653642261704
33,B09,0.0
33,B10,1.5704805020770147
34,B01,5.133236568999581
34,B02,0.0
34,B03,-0.0
34,B04,0.18341459663795456
34,B05,4.272422887405358
34,B06,-0.0
34,B07,0.0
34,B08,2.6810653642261704
34,B09,1.5704805020770147
34,B10,0.0
35,B01,5.133236568999581
35,B02,0.0
35,B03,-0.0
35,B04,0.18341459663795456
35,B05,4.272422887405358
35,B06,-0.0
35,B07,0.0
35,B08,3.7643986975595034
35,B09,0.0
35,B10,0.48714716874368147
36,B01,5.133236568999581
36,B02,0.0
36,B03,-0.0
36,B04,0.18341459663795456
36,B05,4.272422887405358
36,B06,-0.0
36,B07,0.0
36,B08,2.6810653642261704
36,B09,0.0
36,B10,1.5704805020770147
37,B01,5.133236568999581
37,B02,0.0
37,B03,-0.0
37,B04,0.18341459663795456
37,B05,4.272422887405358
37,B06,-0.0
37,B07,0.0
37,B08,2.6810653642261704
37,B09,0.0
37,B10,0.7721987125842045
38,B01,5.133236568999581
38,B02,0.0
38,B03,-0.0
38,B04,0.18341459663795456
38,B05,4.272422887405358
38,B06,-0.0
38,B07,0.0
38,B08,2.6810653642261704
38,B09,0.7721987125842042
38,B10,-0.0
39,B01,5.133236568999581
39,B02,0.0
39,B03,-0.0
39,B04,0.18341459663795456
39,B05,4.272422887405358
39,B06,-0.0
39,B07,0.0
39,B08,2.6810653642261704
39,B09,0.2650395211070591
39,B10,0.5071591914771454
40,B01,5.133236568999581
40,B02,0.0
40,B03,-0.0
40,B04,0.18341459663795456
40,B05,4.272422887405358
40,B06,-0.0
40,B07,0.0
40,B08,2.6810653642261704
40,B09,0.0
40,B10,0.7721987125842047
41,B01,5.133236568999581
41,B02,0.0
41,B03,-0.0
41,B04,0.18341459663795456
41,B05,4.272422887405358
41,B06,-0.0
41,B07,0.0
41,B08,2.6810653642261704
41,B09,0.7721987125842042
41,B10,0.0
42,B01,5.133236568999581
42,B02,0.0
42,B03,-0.0
42,B04,0.18341459663795456
42,B05,4.272422887405358
42,B06,-0.0
42,B07,0.0
42,B08,2.6810653642261704
42,B09,0.0
42,B10,0.772198712584204
43,B01,5.133236568999581
43,B02,0.0
43,B03,-0.0
43,B04,0.18341459663795456
43,B05,4.272422887405358
43,B06,-0.0
43,B07,0.0
43,B08,2.6810653642261704
43,B09,0.2650395211070591
43,B10,0.5071591914771454
44,B01,5.133236568999581
44,B02,-0.0
44,B03,-0.0
44,B04,0.18341459663795456
44,B05,4.272422887405358
44,B06,-0.0
44,B07,0.0
44,B08,2.6810653642261704
44,B09,0.487147168743681
44,B10,0.0
45,B01,5.133236568999581
45,B02,0.0
45,B03,-0.0
45,B04,0.18341459663795456
45,B05,4.272422887405358
45,B06,-0.0
45,B07,0.0
45,B08,2.6810653642261704
45,B09,0.4871471687436808
45,B10,0.0
46,B01,5.133236568999581
46,B02,0.0
46,B03,-0.0
46,B04,0.18341459663795456
46,B05,4.272422887405358
46,B06,-0.0
46,B07,0.0
46,B08,2.6810653642261704
46,B09,0.0
46,B10,0.48714716874368125
47,B01,5.133236568999581
47,B02,0.0
47,B03,-0.0
47,B04,0.18341459663795456
47,B05,4.272422887405358
47,B06,-0.0
47,B07,0.0
47,B08,2.6810653642261704
47,B09,0.0
47,B10,0.4871471687436817
48,B01,5.133236568999581
48,B02,0.0
48,B03,-0.0
48,B04,0.18341459663795456
48,B05,4.272422887405358
48,B06,-0.0
48,B07,0.0
48,B08,2.6810653642261704
48,B09,0.0
48,B10,0.0
49,B01,5.133236568999581
49,B02,0.0
49,B03,-0.0
49,B04,0.18341459663795456
49,B05,4.272422887405358
49,B06,-0.0
49,B07,0.0
49,B08,2.5254980538516056
49,B09,0.0
49,B10,0.0
50,B01,5.133236568999581
50,B02,0.0
50,B03,-0.0
50,B04,0.18341459663795456
50,B05,4.272422887405358
50,B06,-0.0
50,B07,0.0
50,B08,2.525498053851606
50,B09,0.0
50,B10,0.0
51,B01,5.133236568999581
51,B02,0.0
51,B03,-0.0
51,B04,0.18341459663795456
51,B05,4.272422887405358
51,B06,0.0
51,B07,0.0
51,B08,2.525498053851606
51,B09,0.0
51,B10,0.0
52,B01,5.133236568999581
52,B02,0.0
52,B03,-0.0
52,B04,0.18341459663795456
52,B05,4.272422887405358
52,B06,0.0
52,B07,0.0
52,B08,2.4943845917766927
52,B09,0.0
52,B10,0.0
53,B01,4.049903235666248
53,B02,0.0
53,B03,-0.0
53,B04,0.3367051667353451
53,B05,4.272422887405358
53,B06,0.0
53,B07,0.0
53,B08,2.4943845917766927
53,B09,0.0
53,B10,0.0
54,B01,4.049903235666248
54,B02,0.0
54,B03,-0.0
54,B04,0.3367051667353451
54,B05,4.272422887405358
54,B06,0.0
54,B07,0.0
54,B08,2.4736422837267513
54,B09,0.0
54,B10,0.0
55,B01,4.049903235666248
55,B02,0.0
55,B03,-0.0
55,B04,0.3367051667353451
55,B05,4.272422887405358
55,B06,0.0
55,B07,0.0
55,B08,0.5143986975595038
55,B09,0.0
55,B10,1.8555320459175377
56,B01,4.049903235666248
56,B02,0.0
56,B03,-0.0
56,B04,0.3367051667353451
56,B05,4.272422887405358
56,B06,0.0
56,B07,0.0
56,B08,1.4110512584433592
56,B09,0.0
56,B10,0.0
57,B01,4.049903235666248
57,B02,0.0
57,B03,0.0
57,B04,0.18341459663795456
57,B05,4.272422887405358
57,B06,0.0
57,B07,0.0
57,B08,1.4110512584433594
57,B09,0.0
57,B10,0.0
58,B01,4.049903235666248
58,B02,0.0
58,B03,0.0
58,B04,0.18341459663795456
58,B05,4.272422887405358
58,B06,0.0
58,B07,0.0
58,B08,1.4110512584433594
58,B09,0.0
58,B10,0.0
59,B01,4.049903235666248
59,B02,0.0
59,B03,0.0
59,B04,0.0
59,B05,4.272422887405358
59,B06,0.0
59,B07,0.0
59,B08,1.4110512584433594
59,B09,0.0
59,B10,0.0
60,B01,4.049903235666248
60,B02,0.0
60,B03,0.0
60,B04,0.0
60,B05,4.272422887405358
60,B06,0.0
60,B07,0.0
60,B08,1.3903089503934172
60,B09,0.0
60,B10,0.0
61,B01,4.049903235666248
61,B02,0.0
61,B03,0.0
61,B04,0.0
61,B05,4.272422887405358
61,B06,0.0
61,B07,0.0
61,B08,1.3384531802685633
61,B09,0.0
61,B10,0.0
62,B01,4.049903235666248
62,B02,0.0
62,B03,0.0
62,B04,0.0
62,B05,4.272422887405358
62,B06,0.0
62,B07,0.0
62,B08,0.514398697559504
62,B09,0.7721987125842042
62,B10,0.0
63,B01,4.049903235666248
63,B02,0.0
63,B03,0.0
63,B04,0.0
63,B05,4.272422887405358
63,B06,0.0
63,B07,0.0
63,B08,0.0
63,B09,1.286597410143708
63,B10,0.0
64,B01,4.049903235666248
64,B02,0.0
64,B03,0.0
64,B04,0.0
64,B05,4.272422887405358
64,B06,0.0
64,B07,0.0
64,B08,0.0
64,B09,1.2865974101437085
64,B10,0.0
65,B01,4.049903235666248
65,B02,0.0
65,B03,0.0
65,B04,0.0
65,B05,4.272422887405358
65,B06,0.0
65,B07,0.0
65,B08,0.6016834922625064
65,B09,0.0
65,B10,0.0
66,B01,4.049903235666248
66,B02,0.0
66,B03,0.0
66,B04,0.0
66,B05,4.272422887405358
66,B06,0.0
66,B07,0.0
66,B08,0.6016834922625072
66,B09,0.0
66,B10,0.0
67,B01,4.049903235666248
67,B02,0.0
67,B03,0.0
67,B04,0.0
67,B05,4.272422887405358
67,B06,0.0
67,B07,0.0
67,B08,0.25511984693523004
67,B09,0.0
67,B10,0.0
68,B01,4.049903235666248
68,B02,0.0
68,B03,0.0
68,B04,0.0
68,B05,4.272422887405358
68,B06,0.0
68,B07,0.0
68,B08,0.0
68,B09,0.20326407681037462
68,B10,0.0
69,B01,4.049903235666248
69,B02,0.0
69,B03,0.0
69,B04,0.0
69,B05,4.272422887405358
69,B06,0.0
69,B07,0.0
69,B08,0.12943821866656235
69,B09,0.0
69,B10,0.07382585814381204
70,B01,4.049903235666248
70,B02,0.0
70,B03,0.0
70,B04,0.0
70,B05,4.272422887405358
70,B06,0.0
70,B07,0.0
70,B08,0.20326407681037528
70,B09,0.0
70,B10,0.0
71,B01,4.049903235666248
71,B02,0.0
71,B03,0.0
71,B04,0.0
71,B05,4.272422887405358
71,B06,0.0
71,B07,0.0
71,B08,0.0
71,B09,0.0
71,B10,0.0
72,B01,2.966569902332915
72,B02,0.0
72,B03,0.0
72,B04,0.10008126330462108
72,B05,4.272422887405358
72,B06,0.0
72,B07,0.0
72,B08,0.0
72,B09,0.0
72,B10,0.0
73,B01,2.966569902332915
73,B02,0.0
73,B03,0.0
73,B04,0.10008126330462108
73,B05,4.272422887405358
73,B06,0.0
73,B07,0.0
73,B08,0.0
73,B09,0.0
73,B10,0.0
74,B01,2.966569902332915
74,B02,0.0
74,B03,0.0
74,B04,0.0
74,B05,4.272422887405358
74,B06,0.0
74,B07,0.0
74,B08,0.0
74,B09,0.0
74,B10,0.0
75,B01,4.049903235666248
75,B02,0.0
75,B03,0.0
75,B04,0.0
75,B05,3.1890895540720248
75,B06,0.0
75,B07,0.0
75,B08,0.0
75,B09,0.0
75,B10,0.0
76,B01,3.5582772006518915
76,B02,0.0
76,B03,0.0
76,B04,0.0
76,B05,3.1890895540720248
76,B06,0.0
76,B07,0.0
76,B08,0.0
76,B09,0.0
76,B10,0.0
77,B01,2.4749438673185584
77,B02,0.0
77,B03,0.0
77,B04,0.0
77,B05,3.1890895540720248
77,B06,0.0
77,B07,0.0
77,B08,0.0
77,B09,0.0
77,B10,0.0
78,B01,2.136608402401593
78,B02,0.0
78,B03,0.0
78,B04,0.0
78,B05,3.1890895540720248
78,B06,0.0
78,B07,0.0
78,B08,0.0
78,B09,0.0
78,B10,0.0
79,B01,0.0
79,B02,0.0
79,B03,0.15329057009739055
79,B04,1.183414596637954
79,B05,3.9889927897382726
79,B06,0.0
79,B07,0.0
79,B08,0.0
79,B09,0.0
79,B10,0.0
80,B01,2.474943867318559
80,B02,0.0
80,B03,0.0
80,B04,0.0
80,B05,2.1057562207386917
80,B06,0.0
80,B07,0.0
80,B08,0.0
80,B09,0.0
80,B10,0.0
81,B01,1.2224428015267426
81,B02,0.0
81,B03,0.0
81,B04,0.0
81,B05,3.1890895540720243
81,B06,0.0
81,B07,0.0
81,B08,0.0
81,B09,0.0
81,B10,0.0
82,B01,0.6307355032077655
82,B02,0.0
82,B03,-0.0
82,B04,0.0
82,B05,2.697463519057668
82,B06,0.0
82,B07,0.0
82,B08,0.0
82,B09,0.0
82,B10,0.0
83,B01,0.13910946819340908
83,B02,0.0
83,B03,0.0
83,B04,0.0
83,B05,2.105756220738691
83,B06,0.0
83,B07,0.0
83,B08,0.0
83,B09,0.0
83,B10,0.0
84,B01,0.1391094681934093
84,B02,0.0
84,B03,0.0
84,B04,0.0
84,B05,2.105756220738691
84,B06,0.0
84,B07,0.0
84,B08,0.0
84,B09,0.0
84,B10,0.0
85,B01,0.0
85,B02,0.0
85,B03,0.0
85,B04,0.0
85,B05,2.1057562207386917
85,B06,0.0
85,B07,0.0
85,B08,0.0
85,B09,0.0
85,B10,0.0
86,B01,0.0
86,B02,0.0
86,B03,0.0
86,B04,0.0
86,B05,1.9923646231402845
86,B06,0.0
86,B07,0.0
86,B08,0.0
86,B09,0.0
86,B10,0.0
87,B01,0.0
87,B02,0.0
87,B03,0.3367051667353451
87,B04,0.0
87,B05,1.6556594564049392
87,B06,0.0
87,B07,0.0
87,B08,0.0
87,B09,0.0
87,B10,0.0
88,B01,0.0
88,B02,0.0
88,B03,0.0
88,B04,0.0
88,B05,1.022422887405358
88,B06,0.0
88,B07,0.0
88,B08,0.0
88,B09,0.0
88,B10,0.0
89,B01,0.0
89,B02,0.0
89,B03,0.0
89,B04,0.0
89,B05,0.25574071970956047
89,B06,0.0
89,B07,0.0
89,B08,0.0
89,B09,0.0
89,B10,0.0
90,B01,0.0
90,B02,0.0
90,B03,0.0
90,B04,0.0
90,B05,0.0
90,B06,0.0
90,B07,0.0
90,B08,0.0
90,B09,0.0
90,B10,0.0
