original_h3_zone_id,export_zone_id,parent_h3_zone_id,export_parent_zone_id,centroid_node_id,physical_access_node_id,source_physical_access_node_id,source_connector_id,access_distance_m,access_status
h3r9:892a3064437ffff,1,h3r7:872a30644ffffff,1001,1,14606,4606,mclc:892a3064437ffff:4606,108.318,reachable_access
h3r9:892a3064483ffff,2,h3r7:872a30644ffffff,1001,2,11963,1963,mclc:892a3064483ffff:1963,637.059,reachable_access
h3r9:892a3064487ffff,3,h3r7:872a30644ffffff,1001,3,12193,2193,mclc:892a3064487ffff:2193,380.572,reachable_access
h3r9:892a306448fffff,4,h3r7:872a30644ffffff,1001,4,11963,1963,mclc:892a306448fffff:1963,302.834,reachable_access
h3r9:892a3064493ffff,5,h3r7:872a30644ffffff,1001,5,12193,2193,mclc:892a3064493ffff:2193,887.479,reachable_access
h3r9:892a3064497ffff,6,h3r7:872a30644ffffff,1001,6,12193,2193,mclc:892a3064497ffff:2193,553.169,reachable_access
h3r9:892a306449bffff,7,h3r7:872a30644ffffff,1001,7,11963,1963,mclc:892a306449bffff:1963,799.295,reachable_access
h3r9:892a30644a3ffff,8,h3r7:872a30644ffffff,1001,8,12133,2133,mclc:892a30644a3ffff:2133,88.322,reachable_access
h3r9:892a30644a7ffff,9,h3r7:872a30644ffffff,1001,9,14410,4410,mclc:892a30644a7ffff:4410,34.374,reachable_access
h3r9:892a30644abffff,10,h3r7:872a30644ffffff,1001,10,12106,2106,mclc:892a30644abffff:2106,72.043,reachable_access
h3r9:892a30644afffff,11,h3r7:872a30644ffffff,1001,11,14600,4600,mclc:892a30644afffff:4600,116.222,reachable_access
h3r9:892a30644b3ffff,12,h3r7:872a30644ffffff,1001,12,12193,2193,mclc:892a30644b3ffff:2193,127.103,reachable_access
h3r9:892a30644b7ffff,13,h3r7:872a30644ffffff,1001,13,13900,3900,mclc:892a30644b7ffff:3900,114.39,reachable_access
h3r9:892a30644bbffff,14,h3r7:872a30644ffffff,1001,14,13218,3218,mclc:892a30644bbffff:3218,122.814,reachable_access
h3r9:892a3064553ffff,15,h3r7:872a30645ffffff,1002,15,14649,4649,mclc:892a3064553ffff:4649,116.002,reachable_access
h3r9:892a3064583ffff,16,h3r7:872a30645ffffff,1002,16,11026,1026,mclc:892a3064583ffff:1026,4.603,reachable_access
h3r9:892a306458bffff,17,h3r7:872a30645ffffff,1002,17,12196,2196,mclc:892a306458bffff:2196,82.486,reachable_access
h3r9:892a3064593ffff,18,h3r7:872a30645ffffff,1002,18,14995,4995,mclc:892a3064593ffff:4995,107.781,reachable_access
h3r9:892a3064597ffff,19,h3r7:872a30645ffffff,1002,19,13582,3582,mclc:892a3064597ffff:3582,115.93,reachable_access
h3r9:892a306459bffff,20,h3r7:872a30645ffffff,1002,20,11958,1958,mclc:892a306459bffff:1958,107.221,reachable_access
h3r9:892a30645c3ffff,21,h3r7:872a30645ffffff,1002,21,10967,967,mclc:892a30645c3ffff:967,77.36,reachable_access
h3r9:892a30645c7ffff,22,h3r7:872a30645ffffff,1002,22,14551,4551,mclc:892a30645c7ffff:4551,68.087,reachable_access
h3r9:892a30645cbffff,23,h3r7:872a30645ffffff,1002,23,10314,314,mclc:892a30645cbffff:314,142.613,reachable_access
h3r9:892a30645cfffff,24,h3r7:872a30645ffffff,1002,24,12474,2474,mclc:892a30645cfffff:2474,82.687,reachable_access
h3r9:892a30645d3ffff,25,h3r7:872a30645ffffff,1002,25,13904,3904,mclc:892a30645d3ffff:3904,64.975,reachable_access
h3r9:892a30645d7ffff,26,h3r7:872a30645ffffff,1002,26,13507,3507,mclc:892a30645d7ffff:3507,91.905,reachable_access
h3r9:892a30645dbffff,27,h3r7:872a30645ffffff,1002,27,14891,4891,mclc:892a30645dbffff:4891,81.323,reachable_access
h3r9:892a3066003ffff,28,h3r7:872a30660ffffff,1003,28,13199,3199,mclc:892a3066003ffff:3199,274.52,reachable_access
h3r9:892a3066007ffff,29,h3r7:872a30660ffffff,1003,29,12226,2226,mclc:892a3066007ffff:2226,127.425,reachable_access
h3r9:892a306600bffff,30,h3r7:872a30660ffffff,1003,30,14694,4694,mclc:892a306600bffff:4694,192.885,reachable_access
h3r9:892a306600fffff,31,h3r7:872a30660ffffff,1003,31,13027,3027,mclc:892a306600fffff:3027,25.705,reachable_access
h3r9:892a3066017ffff,32,h3r7:872a30660ffffff,1003,32,11635,1635,mclc:892a3066017ffff:1635,219.346,reachable_access
h3r9:892a3066023ffff,33,h3r7:872a30660ffffff,1003,33,14272,4272,mclc:892a3066023ffff:4272,53.742,reachable_access
h3r9:892a3066027ffff,34,h3r7:872a30660ffffff,1003,34,13382,3382,mclc:892a3066027ffff:3382,44.067,reachable_access
h3r9:892a306602bffff,35,h3r7:872a30660ffffff,1003,35,14285,4285,mclc:892a306602bffff:4285,24.97,reachable_access
h3r9:892a306602fffff,36,h3r7:872a30660ffffff,1003,36,10745,745,mclc:892a306602fffff:745,128.647,reachable_access
h3r9:892a3066033ffff,37,h3r7:872a30660ffffff,1003,37,12038,2038,mclc:892a3066033ffff:2038,66.853,reachable_access
h3r9:892a3066037ffff,38,h3r7:872a30660ffffff,1003,38,10948,948,mclc:892a3066037ffff:948,62.823,reachable_access
h3r9:892a306603bffff,39,h3r7:872a30660ffffff,1003,39,14318,4318,mclc:892a306603bffff:4318,86.225,reachable_access
h3r9:892a3066047ffff,40,h3r7:872a30660ffffff,1003,40,14694,4694,mclc:892a3066047ffff:4694,282.577,reachable_access
h3r9:892a306604fffff,41,h3r7:872a30660ffffff,1003,41,14694,4694,mclc:892a306604fffff:4694,622.242,reachable_access
h3r9:892a3066063ffff,42,h3r7:872a30660ffffff,1003,42,11298,1298,mclc:892a3066063ffff:1298,247.535,reachable_access
h3r9:892a3066067ffff,43,h3r7:872a30660ffffff,1003,43,11886,1886,mclc:892a3066067ffff:1886,12.817,reachable_access
h3r9:892a306606bffff,44,h3r7:872a30660ffffff,1003,44,11301,1301,mclc:892a306606bffff:1301,475.118,reachable_access
h3r9:892a306606fffff,45,h3r7:872a30660ffffff,1003,45,11301,1301,mclc:892a306606fffff:1301,236.099,reachable_access
h3r9:892a3066073ffff,46,h3r7:872a30660ffffff,1003,46,14694,4694,mclc:892a3066073ffff:4694,163.406,reachable_access
h3r9:892a3066077ffff,47,h3r7:872a30660ffffff,1003,47,14299,4299,mclc:892a3066077ffff:4299,41.36,reachable_access
h3r9:892a306607bffff,48,h3r7:872a30660ffffff,1003,48,14694,4694,mclc:892a306607bffff:4694,453.475,reachable_access
h3r9:892a30660a3ffff,49,h3r7:872a30660ffffff,1003,49,10524,524,mclc:892a30660a3ffff:524,48.505,reachable_access
h3r9:892a30660a7ffff,50,h3r7:872a30660ffffff,1003,50,15334,5334,mclc:892a30660a7ffff:5334,10.973,reachable_access
h3r9:892a30660abffff,51,h3r7:872a30660ffffff,1003,51,11642,1642,mclc:892a30660abffff:1642,87.603,reachable_access
h3r9:892a30660afffff,52,h3r7:872a30660ffffff,1003,52,13858,3858,mclc:892a30660afffff:3858,77.184,reachable_access
h3r9:892a30660b3ffff,53,h3r7:872a30660ffffff,1003,53,15005,5005,mclc:892a30660b3ffff:5005,241.992,reachable_access
h3r9:892a30660b7ffff,54,h3r7:872a30660ffffff,1003,54,14358,4358,mclc:892a30660b7ffff:4358,195.948,reachable_access
h3r9:892a30660bbffff,55,h3r7:872a30660ffffff,1003,55,14831,4831,mclc:892a30660bbffff:4831,132.27,reachable_access
h3r9:892a3066103ffff,56,h3r7:872a30661ffffff,1004,56,14481,4481,mclc:892a3066103ffff:4481,55.389,reachable_access
h3r9:892a3066107ffff,57,h3r7:872a30661ffffff,1004,57,12419,2419,mclc:892a3066107ffff:2419,18.777,reachable_access
h3r9:892a306610bffff,58,h3r7:872a30661ffffff,1004,58,14326,4326,mclc:892a306610bffff:4326,141.597,reachable_access
h3r9:892a306610fffff,59,h3r7:872a30661ffffff,1004,59,12172,2172,mclc:892a306610fffff:2172,14.627,reachable_access
h3r9:892a3066113ffff,60,h3r7:872a30661ffffff,1004,60,12919,2919,mclc:892a3066113ffff:2919,57.932,reachable_access
h3r9:892a306611bffff,61,h3r7:872a30661ffffff,1004,61,12989,2989,mclc:892a306611bffff:2989,93.703,reachable_access
h3r9:892a3066123ffff,62,h3r7:872a30661ffffff,1004,62,14487,4487,mclc:892a3066123ffff:4487,102.345,reachable_access
h3r9:892a3066127ffff,63,h3r7:872a30661ffffff,1004,63,13589,3589,mclc:892a3066127ffff:3589,92.584,reachable_access
h3r9:892a306612bffff,64,h3r7:872a30661ffffff,1004,64,13889,3889,mclc:892a306612bffff:3889,54.9,reachable_access
h3r9:892a306612fffff,65,h3r7:872a30661ffffff,1004,65,14837,4837,mclc:892a306612fffff:4837,32.339,reachable_access
h3r9:892a306613bffff,66,h3r7:872a30661ffffff,1004,66,12418,2418,mclc:892a306613bffff:2418,181.265,reachable_access
h3r9:892a3066143ffff,67,h3r7:872a30661ffffff,1004,67,12255,2255,mclc:892a3066143ffff:2255,43.352,reachable_access
h3r9:892a3066147ffff,68,h3r7:872a30661ffffff,1004,68,11159,1159,mclc:892a3066147ffff:1159,51.065,reachable_access
h3r9:892a306614bffff,69,h3r7:872a30661ffffff,1004,69,11253,1253,mclc:892a306614bffff:1253,61.411,reachable_access
h3r9:892a306614fffff,70,h3r7:872a30661ffffff,1004,70,13481,3481,mclc:892a306614fffff:3481,66.476,reachable_access
h3r9:892a3066153ffff,71,h3r7:872a30661ffffff,1004,71,11492,1492,mclc:892a3066153ffff:1492,14.632,reachable_access
h3r9:892a3066157ffff,72,h3r7:872a30661ffffff,1004,72,13990,3990,mclc:892a3066157ffff:3990,19.883,reachable_access
h3r9:892a306615bffff,73,h3r7:872a30661ffffff,1004,73,10746,746,mclc:892a306615bffff:746,40.014,reachable_access
h3r9:892a3066163ffff,74,h3r7:872a30661ffffff,1004,74,13138,3138,mclc:892a3066163ffff:3138,153.668,reachable_access
h3r9:892a3066167ffff,75,h3r7:872a30661ffffff,1004,75,14689,4689,mclc:892a3066167ffff:4689,62.512,reachable_access
h3r9:892a306616bffff,76,h3r7:872a30661ffffff,1004,76,14512,4512,mclc:892a306616bffff:4512,91.06,reachable_access
h3r9:892a306616fffff,77,h3r7:872a30661ffffff,1004,77,13168,3168,mclc:892a306616fffff:3168,106.674,reachable_access
h3r9:892a3066173ffff,78,h3r7:872a30661ffffff,1004,78,13117,3117,mclc:892a3066173ffff:3117,110.546,reachable_access
h3r9:892a3066177ffff,79,h3r7:872a30661ffffff,1004,79,14470,4470,mclc:892a3066177ffff:4470,79.799,reachable_access
h3r9:892a306617bffff,80,h3r7:872a30661ffffff,1004,80,13159,3159,mclc:892a306617bffff:3159,38.168,reachable_access
h3r9:892a30661c3ffff,81,h3r7:872a30661ffffff,1004,81,13150,3150,mclc:892a30661c3ffff:3150,17.474,reachable_access
h3r9:892a30661c7ffff,82,h3r7:872a30661ffffff,1004,82,12055,2055,mclc:892a30661c7ffff:2055,176.672,reachable_access
h3r9:892a30661cbffff,83,h3r7:872a30661ffffff,1004,83,12032,2032,mclc:892a30661cbffff:2032,74.356,reachable_access
h3r9:892a30661cfffff,84,h3r7:872a30661ffffff,1004,84,14914,4914,mclc:892a30661cfffff:4914,57.395,reachable_access
h3r9:892a30661d3ffff,85,h3r7:872a30661ffffff,1004,85,12929,2929,mclc:892a30661d3ffff:2929,216.742,reachable_access
h3r9:892a30661d7ffff,86,h3r7:872a30661ffffff,1004,86,12055,2055,mclc:892a30661d7ffff:2055,368.318,reachable_access
h3r9:892a30661dbffff,87,h3r7:872a30661ffffff,1004,87,15157,5157,mclc:892a30661dbffff:5157,27.26,reachable_access
h3r9:892a3066203ffff,88,h3r7:872a30662ffffff,1005,88,15012,5012,mclc:892a3066203ffff:5012,1874.186,reachable_access
h3r9:892a3066207ffff,89,h3r7:872a30662ffffff,1005,89,11091,1091,mclc:892a3066207ffff:1091,1616.691,reachable_access
h3r9:892a306620bffff,90,h3r7:872a30662ffffff,1005,90,12682,2682,mclc:892a306620bffff:2682,1537.184,reachable_access
h3r9:892a306620fffff,91,h3r7:872a30662ffffff,1005,91,12682,2682,mclc:892a306620fffff:2682,1686.183,reachable_access
h3r9:892a3066217ffff,92,h3r7:872a30662ffffff,1005,92,15012,5012,mclc:892a3066217ffff:5012,1668.723,reachable_access
h3r9:892a3066223ffff,93,h3r7:872a30662ffffff,1005,93,11091,1091,mclc:892a3066223ffff:1091,1030.899,reachable_access
h3r9:892a3066227ffff,94,h3r7:872a30662ffffff,1005,94,11091,1091,mclc:892a3066227ffff:1091,707.49,reachable_access
h3r9:892a306622bffff,95,h3r7:872a30662ffffff,1005,95,14177,4177,mclc:892a306622bffff:4177,1123.515,reachable_access
h3r9:892a306622fffff,96,h3r7:872a30662ffffff,1005,96,14177,4177,mclc:892a306622fffff:4177,787.134,reachable_access
h3r9:892a3066233ffff,97,h3r7:872a30662ffffff,1005,97,11090,1090,mclc:892a3066233ffff:1090,1296.033,reachable_access
h3r9:892a3066237ffff,98,h3r7:872a30662ffffff,1005,98,11090,1090,mclc:892a3066237ffff:1090,978.576,reachable_access
h3r9:892a306623bffff,99,h3r7:872a30662ffffff,1005,99,11091,1091,mclc:892a306623bffff:1091,1365.898,reachable_access
h3r9:892a3066247ffff,100,h3r7:872a30662ffffff,1005,100,12682,2682,mclc:892a3066247ffff:2682,1181.879,reachable_access
h3r9:892a3066263ffff,101,h3r7:872a30662ffffff,1005,101,14003,4003,mclc:892a3066263ffff:4003,1126.852,reachable_access
h3r9:892a3066267ffff,102,h3r7:872a30662ffffff,1005,102,11963,1963,mclc:892a3066267ffff:1963,1146.229,reachable_access
h3r9:892a3066273ffff,103,h3r7:872a30662ffffff,1005,103,12682,2682,mclc:892a3066273ffff:2682,1322.386,reachable_access
h3r9:892a3066277ffff,104,h3r7:872a30662ffffff,1005,104,12193,2193,mclc:892a3066277ffff:2193,1464.323,reachable_access
h3r9:892a30662a3ffff,105,h3r7:872a30662ffffff,1005,105,11301,1301,mclc:892a30662a3ffff:1301,1092.236,reachable_access
h3r9:892a30662a7ffff,106,h3r7:872a30662ffffff,1005,106,11301,1301,mclc:892a30662a7ffff:1301,808.633,reachable_access
h3r9:892a30662abffff,107,h3r7:872a30662ffffff,1005,107,11301,1301,mclc:892a30662abffff:1301,1419.237,reachable_access
h3r9:892a30662afffff,108,h3r7:872a30662ffffff,1005,108,11301,1301,mclc:892a30662afffff:1301,1160.485,reachable_access
h3r9:892a30662b3ffff,109,h3r7:872a30662ffffff,1005,109,14694,4694,mclc:892a30662b3ffff:4694,979.396,reachable_access
h3r9:892a30662b7ffff,110,h3r7:872a30662ffffff,1005,110,11301,1301,mclc:892a30662b7ffff:1301,797.76,reachable_access
h3r9:892a30662bbffff,111,h3r7:872a30662ffffff,1005,111,14694,4694,mclc:892a30662bbffff:4694,1340.131,reachable_access
h3r9:892a3066303ffff,112,h3r7:872a30663ffffff,1006,112,13646,3646,mclc:892a3066303ffff:3646,25.718,reachable_access
h3r9:892a3066307ffff,113,h3r7:872a30663ffffff,1006,113,13884,3884,mclc:892a3066307ffff:3884,46.873,reachable_access
h3r9:892a306630bffff,114,h3r7:872a30663ffffff,1006,114,10342,342,mclc:892a306630bffff:342,13.912,reachable_access
h3r9:892a306630fffff,115,h3r7:872a30663ffffff,1006,115,12173,2173,mclc:892a306630fffff:2173,117.371,reachable_access
h3r9:892a3066313ffff,116,h3r7:872a30663ffffff,1006,116,12871,2871,mclc:892a3066313ffff:2871,67.035,reachable_access
h3r9:892a3066317ffff,117,h3r7:872a30663ffffff,1006,117,11209,1209,mclc:892a3066317ffff:1209,67.051,reachable_access
h3r9:892a306631bffff,118,h3r7:872a30663ffffff,1006,118,10972,972,mclc:892a306631bffff:972,89.649,reachable_access
h3r9:892a3066323ffff,119,h3r7:872a30663ffffff,1006,119,14616,4616,mclc:892a3066323ffff:4616,99.575,reachable_access
h3r9:892a3066327ffff,120,h3r7:872a30663ffffff,1006,120,15321,5321,mclc:892a3066327ffff:5321,68.137,reachable_access
h3r9:892a306632bffff,121,h3r7:872a30663ffffff,1006,121,14237,4237,mclc:892a306632bffff:4237,101.321,reachable_access
h3r9:892a306632fffff,122,h3r7:872a30663ffffff,1006,122,11111,1111,mclc:892a306632fffff:1111,19.36,reachable_access
h3r9:892a3066333ffff,123,h3r7:872a30663ffffff,1006,123,14846,4846,mclc:892a3066333ffff:4846,50.642,reachable_access
h3r9:892a3066337ffff,124,h3r7:872a30663ffffff,1006,124,14461,4461,mclc:892a3066337ffff:4461,40.967,reachable_access
h3r9:892a306633bffff,125,h3r7:872a30663ffffff,1006,125,11810,1810,mclc:892a306633bffff:1810,49.905,reachable_access
h3r9:892a3066343ffff,126,h3r7:872a30663ffffff,1006,126,11091,1091,mclc:892a3066343ffff:1091,128.276,reachable_access
h3r9:892a3066347ffff,127,h3r7:872a30663ffffff,1006,127,14094,4094,mclc:892a3066347ffff:4094,18.833,reachable_access
h3r9:892a306634bffff,128,h3r7:872a30663ffffff,1006,128,12193,2193,mclc:892a306634bffff:2193,255.061,reachable_access
h3r9:892a306634fffff,129,h3r7:872a30663ffffff,1006,129,12269,2269,mclc:892a306634fffff:2269,45.696,reachable_access
h3r9:892a3066353ffff,130,h3r7:872a30663ffffff,1006,130,11090,1090,mclc:892a3066353ffff:1090,384.949,reachable_access
h3r9:892a3066357ffff,131,h3r7:872a30663ffffff,1006,131,14440,4440,mclc:892a3066357ffff:4440,108.042,reachable_access
h3r9:892a306635bffff,132,h3r7:872a30663ffffff,1006,132,12192,2192,mclc:892a306635bffff:2192,460.563,reachable_access
h3r9:892a3066363ffff,133,h3r7:872a30663ffffff,1006,133,12895,2895,mclc:892a3066363ffff:2895,53.447,reachable_access
h3r9:892a3066367ffff,134,h3r7:872a30663ffffff,1006,134,12852,2852,mclc:892a3066367ffff:2852,75.7,reachable_access
h3r9:892a306636bffff,135,h3r7:872a30663ffffff,1006,135,12207,2207,mclc:892a306636bffff:2207,82.694,reachable_access
h3r9:892a306636fffff,136,h3r7:872a30663ffffff,1006,136,14031,4031,mclc:892a306636fffff:4031,104.398,reachable_access
h3r9:892a3066373ffff,137,h3r7:872a30663ffffff,1006,137,14457,4457,mclc:892a3066373ffff:4457,10.009,reachable_access
h3r9:892a3066377ffff,138,h3r7:872a30663ffffff,1006,138,12275,2275,mclc:892a3066377ffff:2275,134.963,reachable_access
h3r9:892a306637bffff,139,h3r7:872a30663ffffff,1006,139,13901,3901,mclc:892a306637bffff:3901,20.177,reachable_access
h3r9:892a3066383ffff,140,h3r7:872a30663ffffff,1006,140,15493,5493,mclc:892a3066383ffff:5493,16.962,reachable_access
h3r9:892a3066387ffff,141,h3r7:872a30663ffffff,1006,141,11816,1816,mclc:892a3066387ffff:1816,73.793,reachable_access
h3r9:892a306638bffff,142,h3r7:872a30663ffffff,1006,142,13038,3038,mclc:892a306638bffff:3038,52.425,reachable_access
h3r9:892a306638fffff,143,h3r7:872a30663ffffff,1006,143,12882,2882,mclc:892a306638fffff:2882,28.797,reachable_access
h3r9:892a3066393ffff,144,h3r7:872a30663ffffff,1006,144,15137,5137,mclc:892a3066393ffff:5137,123.65,reachable_access
h3r9:892a3066397ffff,145,h3r7:872a30663ffffff,1006,145,10830,830,mclc:892a3066397ffff:830,126.023,reachable_access
h3r9:892a306639bffff,146,h3r7:872a30663ffffff,1006,146,10755,755,mclc:892a306639bffff:755,88.821,reachable_access
h3r9:892a30663a3ffff,147,h3r7:872a30663ffffff,1006,147,14208,4208,mclc:892a30663a3ffff:4208,49.696,reachable_access
h3r9:892a30663a7ffff,148,h3r7:872a30663ffffff,1006,148,10674,674,mclc:892a30663a7ffff:674,61.468,reachable_access
h3r9:892a30663abffff,149,h3r7:872a30663ffffff,1006,149,12266,2266,mclc:892a30663abffff:2266,34.489,reachable_access
h3r9:892a30663afffff,150,h3r7:872a30663ffffff,1006,150,13599,3599,mclc:892a30663afffff:3599,73.322,reachable_access
h3r9:892a30663b3ffff,151,h3r7:872a30663ffffff,1006,151,14027,4027,mclc:892a30663b3ffff:4027,70.428,reachable_access
h3r9:892a30663b7ffff,152,h3r7:872a30663ffffff,1006,152,14623,4623,mclc:892a30663b7ffff:4623,35.641,reachable_access
h3r9:892a30663bbffff,153,h3r7:872a30663ffffff,1006,153,11952,1952,mclc:892a30663bbffff:1952,105.954,reachable_access
h3r9:892a30663c3ffff,154,h3r7:872a30663ffffff,1006,154,13043,3043,mclc:892a30663c3ffff:3043,499.302,reachable_access
h3r9:892a30663c7ffff,155,h3r7:872a30663ffffff,1006,155,13043,3043,mclc:892a30663c7ffff:3043,161.555,reachable_access
h3r9:892a30663cbffff,156,h3r7:872a30663ffffff,1006,156,11090,1090,mclc:892a30663cbffff:1090,690.091,reachable_access
h3r9:892a30663cfffff,157,h3r7:872a30663ffffff,1006,157,10339,339,mclc:892a30663cfffff:339,359.871,reachable_access
h3r9:892a30663d3ffff,158,h3r7:872a30663ffffff,1006,158,11301,1301,mclc:892a30663d3ffff:1301,596.236,reachable_access
h3r9:892a30663d7ffff,159,h3r7:872a30663ffffff,1006,159,13038,3038,mclc:892a30663d7ffff:3038,364.351,reachable_access
h3r9:892a30663dbffff,160,h3r7:872a30663ffffff,1006,160,13043,3043,mclc:892a30663dbffff:3043,844.498,reachable_access
h3r9:892a306654fffff,161,h3r7:872a30665ffffff,1007,161,14493,4493,mclc:892a306654fffff:4493,314.867,reachable_access
h3r9:892a306656bffff,162,h3r7:872a30665ffffff,1007,162,15334,5334,mclc:892a306656bffff:5334,354.633,reachable_access
h3r9:892a3066c5bffff,163,h3r7:872a3066cffffff,1008,163,11832,1832,mclc:892a3066c5bffff:1832,28.943,reachable_access
h3r9:892a3066e53ffff,164,h3r7:872a3066effffff,1009,164,13579,3579,mclc:892a3066e53ffff:3579,64.332,reachable_access
h3r9:892a3066e5bffff,165,h3r7:872a3066effffff,1009,165,10406,406,mclc:892a3066e5bffff:406,36.858,reachable_access
h3r9:892a3066e83ffff,166,h3r7:872a3066effffff,1009,166,11624,1624,mclc:892a3066e83ffff:1624,22.866,reachable_access
h3r9:892a3066e8bffff,167,h3r7:872a3066effffff,1009,167,12770,2770,mclc:892a3066e8bffff:2770,297.234,reachable_access
h3r9:892a3066e93ffff,168,h3r7:872a3066effffff,1009,168,12373,2373,mclc:892a3066e93ffff:2373,93.791,reachable_access
h3r9:892a3066e97ffff,169,h3r7:872a3066effffff,1009,169,14947,4947,mclc:892a3066e97ffff:4947,87.754,reachable_access
h3r9:892a3066e9bffff,170,h3r7:872a3066effffff,1009,170,13230,3230,mclc:892a3066e9bffff:3230,117.498,reachable_access
h3r9:892a3066ec3ffff,171,h3r7:872a3066effffff,1009,171,14999,4999,mclc:892a3066ec3ffff:4999,123.875,reachable_access
h3r9:892a3066ec7ffff,172,h3r7:872a3066effffff,1009,172,12274,2274,mclc:892a3066ec7ffff:2274,108.278,reachable_access
h3r9:892a3066ecbffff,173,h3r7:872a3066effffff,1009,173,15039,5039,mclc:892a3066ecbffff:5039,65.248,reachable_access
h3r9:892a3066ecfffff,174,h3r7:872a3066effffff,1009,174,10804,804,mclc:892a3066ecfffff:804,19.34,reachable_access
h3r9:892a3066ed3ffff,175,h3r7:872a3066effffff,1009,175,10682,682,mclc:892a3066ed3ffff:682,78.123,reachable_access
h3r9:892a3066ed7ffff,176,h3r7:872a3066effffff,1009,176,13167,3167,mclc:892a3066ed7ffff:3167,55.732,reachable_access
h3r9:892a3066edbffff,177,h3r7:872a3066effffff,1009,177,14575,4575,mclc:892a3066edbffff:4575,61.104,reachable_access
