node_id,x_km,y_km,origin_pce,destination_pce
1026,-0.5894997676378599,-1.4633584307999357,82.91601707628683,93.7550491834207
1090,-0.669746240040579,0.24186956759965078,54.903535293205444,52.93701845067901
1091,-0.8490214994335145,0.21533180759986978,123.46404489318971,114.75897838819056
1111,-0.026244232824275664,-1.1793822840000563,161.14066069113227,139.94208314837013
1159,1.7801652346186236,-0.018731235600477247,101.21229546438158,113.55763533318137
1253,1.29678595575703,0.3742487603996518,194.4612840048164,208.26082586432406
1298,0.765796841362649,1.3846739723996617,4.1261283229024714,3.527929771619542
1301,0.5978831134826638,1.2685933871999944,399.63413053178294,399.76054681889383
1492,1.812234206264261,0.6079579667997923,437.2042994311741,514.2306845303631
1624,1.9621389605851844,-1.4800882769998092,69.73799694631069,60.29254557788384
1635,1.7526951739918906,1.9132840368000696,24.900917461904967,22.742939822399126
1642,1.7732298464462464,1.8765181818001846,207.96755602955528,193.0886231747151
1810,-0.07534316119172109,-0.5739011748001388,166.51148756172776,150.34606269981398
1816,0.8891611896989481,0.2514342185998583,20.456345814155267,18.595501675055484
1832,2.6532590303671895,-1.4570004258002747,162.01181362611638,165.74255132079884
1886,0.7438224382676116,1.2129746651997824,151.50478637883697,145.84678846264922
1952,0.6406719081277468,-0.051991894800255165,248.79902867614362,277.3277576467351
1958,-0.8686265172457617,-1.1510200530001675,36.78556875148858,37.66788055773844
1963,-2.2681927866919285,0.1669335677999696,109.1426650759987,104.63320193726905
2032,1.9292226046195629,0.8913370139997651,483.78395494325383,573.3437926648188
2038,1.6785120243451612,1.4567350481995305,211.13229452229857,233.34860815893222
2055,2.4046792514409496,0.7388886402001507,86.91188151772722,81.51807973496534
2106,-1.9842779043244703,-0.3365430263997829,47.721917833611705,52.0020903571935
2133,-1.6048224966335156,-0.20071392480032105,135.93571933132066,144.915463541591
2172,2.3454857545229046,-0.25544805480040955,33.7089332981651,38.755492426450466
2173,-0.08598071386904257,-0.2572061814005276,295.84741599844523,328.5972093225845
2192,-1.0360795313199804,0.16493217840015145,0.35515025117412546,0.4158069172501863
2193,-1.3537005647473235,0.07849648259964853,215.11581308295976,235.1663001778262
2196,-0.9318923951183103,-1.5413573304000547,21.257979477164987,22.858306521977095
2207,-1.1898592178230107,-0.5339729034002243,39.24255751159421,34.85596719134008
2226,1.5944811171153737,1.794041035199587,122.09452786973863,134.5199967568956
2255,1.5878172210069417,0.34865087939985484,257.4064071988483,282.2549432881963
2266,0.5316225958773099,-0.30396792600015976,133.09740306314058,113.63710309142321
2269,-1.060612541439629,0.03425582519962239,68.83439641328644,64.47086375741718
2274,1.24405890617502,-1.56561726599993,13.77459966852002,11.805321870629202
2275,-0.28864542590129366,-0.6583133663997793,150.26552722418728,146.94916299589892
2373,2.0762067624980607,-1.0951027812003948,65.60494375334464,56.84193797618107
2418,2.6034525772264354,-0.407896428600024,27.058690170485484,29.769925292385807
2419,2.7117367754801815,-0.285347264400189,48.47161036399256,67.0586449193242
2474,-1.7197294558346314,-1.5312287520003283,122.68776372490997,133.8018707430951
2682,-3.1224713597225104,1.8151938414000786,290.8015663549718,257.1521035776721
2852,-0.5147818608961537,-0.9107538084003971,165.18834095981276,154.67643692592404
2871,0.10454912561948447,0.3166065342001487,102.90183799545518,88.24824686175953
2882,0.5064561042759016,0.31709305979954894,129.1404957612076,127.78712223657016
2895,-0.8000788846785728,-0.5925660659998407,213.04285710207733,190.78043988803722
2919,2.7229502204147114,0.38276295840015445,144.26298044882256,181.26913536249486
2929,2.3813720691237585,1.3554271493996495,24.202351773977014,24.753588569790384
2989,2.2826559093585495,0.26135270639948677,68.17457206223209,78.95253156009181
3027,1.1098842374830677,1.8362250161999345,123.93666241963146,107.7663405336628
3038,0.3215371007693426,0.5835985145995398,56.47828647557252,47.63119067866333
3043,0.014973198664025376,0.4612815558000614,49.96229171544019,49.7712413512239
3117,1.8692969018329748,-0.2940273234002729,37.38077552788396,38.541008237834156
3138,1.6641558530982368,-0.47913925680054426,39.873042292961124,36.6914826712928
314,-1.7323579503122701,-1.0875837492005223,83.86704954517808,97.71721430986108
3150,2.3439308454307812,0.9165478859997535,105.05638601456324,113.7848204910152
3159,1.5996723744549757,-0.3048525180002834,71.62176309678117,64.75340192908271
3167,1.3737416152665953,-1.1969193203999344,26.06291697028926,29.26851777472771
3168,1.5092243820831288,-0.8141121324000488,40.952876307778666,42.95264966950253
3199,1.4195497307408869,2.350449403199579,29.795742277817887,28.02162656805744
3218,-1.9430522458044244,-0.027201204000463008,70.3769567902899,81.34051244019535
3382,1.6086727477180496,0.8840612447995927,321.913312972393,372.2278802934344
339,-0.29091608679847003,0.2706740945999942,1.1581395546121827,0.9474799678500793
342,-0.38735335863592696,0.036810084599616044,114.28842693666965,95.58484054890049
3579,0.5570605795414943,-1.4948167337998644,140.91337929427593,135.44368105414435
3582,-0.31419858801808886,-1.3895171136004763,83.49460670875625,72.91920374378212
3589,2.834821404720791,-1.2459588894002582,20.24072715633453,17.471910326612672
3599,0.6273194348133103,-0.5662605114004162,123.30733757577397,110.57449817822213
3646,0.008712427134469902,0.034432743600118526,167.10306684415772,171.09025189407222
3858,2.085009686987569,1.508163015599481,229.59022399881152,206.6296471786356
3884,0.1697483560677987,-0.22501808999992734,258.9793770240525,273.2980773302616
3889,2.32709833748137,-0.8088488099998238,52.88628928461263,50.245877476367376
3900,-1.1892092822765923,-0.3222236933997947,93.2147249349985,84.62561415266177
3901,-0.9487742652616977,-0.27409083119985306,80.90882049537423,70.10017464756179
3904,-1.356719885576532,-0.9017309700002358,108.9589506358418,87.71935174092775
3990,1.9820648326541839,0.344415895199862,318.7947930433052,393.5900835353499
4003,-3.112343883043762,1.5679724921999547,70.90346335016177,69.20136760670805
4027,1.1059681701410682,-0.03516253200000447,154.94515142476217,163.8709079003938
4031,-0.9998394543330569,-0.9508147686002907,68.53179990122621,59.29897074318278
406,0.13426516604582117,-1.4236402500001193,117.8901393265691,102.58227984508216
4094,-0.7474587865150902,0.007496917199614046,131.64514924886706,110.24750371548714
4177,-1.0858201682020996,0.15536752739994392,104.62886343238628,107.17244157638636
4208,0.9363349925247111,-0.2774633381999807,109.59029921632725,101.97749507376213
4237,-0.31205133260526796,-0.8837516375999029,162.07170925361808,139.89303289007282
4272,1.4085255075481784,1.237466806200014,105.67359610910613,108.84945263073287
4285,1.0739567877211516,1.2302242092002291,215.4226454968825,190.05834732065622
4299,0.9368615225867739,1.5503580539999577,252.54500153390853,283.2133977025
4318,1.364099533488848,1.538382889799865,241.2913165552737,241.50989543599044
4326,2.2309161036431995,0.1521719387995267,36.830706902269135,37.94932879634419
4358,2.366637454394361,1.7732752379996894,10.50534094911272,8.700090631478924
4410,-1.4657938789245415,-0.601710535799852,170.2807438497819,161.13161553788945
4440,-0.6144688104657023,0.23295730319999605,41.89943920023326,34.253491301521876
4457,-0.5576446988304471,-0.265488173999888,152.83252842164487,148.90278032258823
4461,0.5424164621671351,-0.8358509808003178,132.0659259398453,113.74874750623428
4470,2.21196102137854,-0.6199773606004018,17.53256372434881,15.959702062256385
4481,2.5492199807462783,0.07887243420011356,155.40844428891546,204.42837569831832
4487,2.6462413718715188,-0.9539550702000619,13.203749445441554,12.310488855836018
4493,3.0228502264104273,2.2571470619997562,7.030139837214907,5.817935458339889
4512,1.3593031736975467,-0.5062409441998443,198.53335406146917,195.1508211429235
4551,-1.3251774439941266,-1.3949573544004117,57.28454699264895,58.84464394308775
4575,0.8338097168348612,-0.821620106999792,123.84229814968583,107.5202568616763
4600,-1.725842140783428,-0.565022082600086,98.68466417730038,95.25740628689151
4606,-1.9299877186174228,-0.8230796838003496,42.14213180719256,50.16677867449992
4616,0.0681280539224846,-0.8100430092004228,147.77409272542238,121.50451619975877
4623,1.2771644838812934,-0.29325330539987005,153.46537463586174,137.8455058584307
4649,-2.0683828548446375,-1.3508825579999668,42.3984868848816,48.19147030163952
4689,2.014890691263598,-0.902880939600318,75.64017160379528,74.3871919033379
4694,0.8055580881456096,1.9604770200000272,382.9754634558815,377.0917452509531
4831,1.9245578773431928,2.0167038989994897,30.754444081525985,25.996562122670234
4837,2.474971014840914,-1.1511527418001468,108.78988677034866,93.62750738484404
4846,0.2868848410038597,-0.5711810543997782,136.29430117525877,116.85053924154407
4891,-1.7322016366997663,-0.9131200919997654,169.10952692823872,140.84785939414766
4914,2.2048446384960863,0.6709740894000268,435.2056530768555,509.20812872704096
4947,2.398665290877767,-1.494352322999937,103.59964836630415,86.42622744233935
4995,-0.343750087800177,-1.2551254740005278,80.59751753008025,80.40516608596054
4999,0.9520979862829998,-1.090900969200004,93.38832116749612,92.92616687800997
5012,-0.07220043487815705,3.554898812999515,103.01300037971065,88.48925191737968
5039,0.6724776147411835,-1.0995478560004859,136.9235008873882,119.83999705146704
5137,0.7993302247453715,0.8603652366000223,163.25225632099873,141.7569429943024
5157,2.1964037034255615,1.2417791922001256,100.44023689163882,97.17860720947516
524,2.241125850645241,1.7969380739996579,203.80745661104683,180.5286773374963
5321,0.3638075923841076,-1.2194985311998103,141.55047882424645,117.99909688712879
5334,2.3806645443516192,1.5207463367996095,136.90814826452512,124.20243230903635
5493,0.7140405815838093,0.6368730677998564,74.09085355121047,65.43199835751362
674,1.06484946303955,-0.6284030993998707,96.13473729144297,82.22392623207129
682,1.163656120159797,-0.8488323684003842,78.38568431072298,73.51598352851263
745,1.3811706253728873,0.8531226395994519,127.97381965218695,114.76673429677521
746,1.4078591179382707,0.6260368157997167,191.65499103922838,202.80166297383172
755,0.6096642236403181,0.8585297081997854,33.41807208622004,27.68214702694167
804,0.8783508693444643,-1.4438089476001101,114.1002400153258,118.65776179410989
830,1.0189426231784755,0.7290254393995969,37.25377797664793,40.13273514741458
948,1.8437108315880315,1.275471090000229,128.93356470170744,143.1093266832633
967,-1.496612341670149,-1.2410494038002398,26.350853958249886,27.33770497961267
972,-0.10388273600840746,0.3383122104000302,85.70016538396246,71.91161193202507
