zone_id,centroid_lon,centroid_lat,production_person_midday,attraction_person_midday,selected_origin,selected_destination
h3r9:892a3064437ffff,-71.10465458918958,42.342150849038894,0.7990278622262179,0.9628159103899666,1,1
h3r9:892a3064483ffff,-71.10214342325979,42.35559540952319,0.06492258560789924,0.03733501054041419,1,1
h3r9:892a3064487ffff,-71.09999656167555,42.35290887106715,1.1686337036549352e-09,1.368048362776297e-09,1,1
h3r9:892a306448fffff,-71.10441191880393,42.3529046178769,0.004186138371111815,0.005003374741652607,1,1
h3r9:892a3064493ffff,-71.09987467066155,42.35828623091501,0.23414442426328674,0.44243251251255505,1,1
h3r9:892a3064497ffff,-71.09772782292913,42.35559956731497,0.01823544212864792,0.024804182170350172,1,1
h3r9:892a306449bffff,-71.10429054125026,42.358281999072396,0.0780210770021827,0.06492258560789924,1,1
h3r9:892a30644a3ffff,-71.10011842432637,42.347531842377755,21.487249851532777,21.41372477291958,1,1
h3r9:892a30644a7ffff,-71.09797206156837,42.34484553132703,72.89985358968563,66.58192696040733,1,1
h3r9:892a30644abffff,-71.10453326811377,42.34752756784433,0.39076615306755996,0.23414442426328674,1,1
h3r9:892a30644afffff,-71.1023866352248,42.34484133080672,43.81095645593151,27.35621733951894,1,1
h3r9:892a30644b3ffff,-71.09784995645772,42.35022238372684,1.1092480534421487,1.2803385706011845,1,1
h3r9:892a30644b7ffff,-71.09570360756634,42.347535947524804,28.92743910462078,21.567116171584672,1,1
h3r9:892a30644bbffff,-71.10226504339157,42.35021820456856,0.892500222370186,0.61489408391643,1,1
h3r9:892a3064553ffff,-71.10477588204127,42.336774461524726,0.45508917683487826,0.5294469401483087,1,1
h3r9:892a3064583ffff,-71.08712077446798,42.336790714550645,0.5632968420444762,1.081103767612427,1,1
h3r9:892a306458bffff,-71.09153451073917,42.33678690524089,0.03538963555262026,0.07539949398735844,1,1
h3r9:892a3064593ffff,-71.08485211923596,42.339480659896665,9.876578557071,0.43841606514904036,1,1
h3r9:892a3064597ffff,-71.08270706536511,42.33679435456774,27.681631807517665,17.604217724740554,1,1
h3r9:892a306459bffff,-71.08926609845224,42.339476945974006,0.25035486011758995,0.28524147802324634,1,1
h3r9:892a30645c3ffff,-71.09809413827105,42.33946901017971,0.12762595329795706,0.14902205456724105,1,1
h3r9:892a30645c7ffff,-71.09594827412651,42.33678292663542,0.6114542129274312,0.7104812887634954,1,1
h3r9:892a30645cbffff,-71.10250819876933,42.33946478830187,1.3261045339455528,4.737826492420611,1,1
h3r9:892a30645cfffff,-71.10036206457794,42.33677877873105,8.254441829057612,17.979948803869107,1,1
h3r9:892a30645d3ffff,-71.09582595507776,42.34215927143895,53.81618906742528,39.65583549249435,1,1
h3r9:892a30645d7ffff,-71.09368010481464,42.33947306273606,0.8784976526334574,1.030474467630594,1,1
h3r9:892a30645dbffff,-71.10024025862387,42.342155144911,116.68980432841505,77.6455167359987,1,1
h3r9:892a3066003ffff,-71.06429659905191,42.36906935317497,0.06501137615185934,0.06970851638668571,1,1
h3r9:892a3066007ffff,-71.06215143000784,42.36638174525275,14.216374348798563,20.041026039295826,1,1
h3r9:892a306600bffff,-71.06871327899006,42.3690665203953,0.06970851638668571,0.06501137615185934,1,1
h3r9:892a306600fffff,-71.06656783938307,42.36637898638024,66.98470767799817,55.60814011365186,1,1
h3r9:892a3066017ffff,-71.05987994659004,42.369072016424475,0.0299787809302517,0.024973715432144702,1,1
h3r9:892a3066023ffff,-71.062277729206,42.361004072004306,19.47805601598906,14.437375728894365,1,1
h3r9:892a3066027ffff,-71.06013305855609,42.35831669168856,285.25203716150753,347.1892874921286,1,1
h3r9:892a306602bffff,-71.06669362500818,42.36100129141857,157.8230505578669,121.17424425819955,1,1
h3r9:892a306602fffff,-71.06454868387974,42.358313984970366,75.23560989973926,50.94691865141828,1,1
h3r9:892a3066033ffff,-71.06000651730196,42.36369418856185,118.52181456609384,161.39692474383673,1,1
h3r9:892a3066037ffff,-71.05786186089433,42.36100668312482,24.893054666954544,27.608173003889952,1,1
h3r9:892a306603bffff,-71.06442265613505,42.36369150357572,154.10460308261995,155.93710368362812,1,1
h3r9:892a3066047ffff,-71.0731299863522,42.36906351808235,5.857784578352668,0.09487526167826091,1,1
h3r9:892a306604fffff,-71.07754672108615,42.36906034623293,1.5070386264030788,7.369041868054154,1,1
h3r9:892a3066063ffff,-71.07325501615406,42.36368562513653,0.00025149822339893364,0.00030361046788700106,1,1
h3r9:892a3066067ffff,-71.07110954824867,42.36099834136443,67.36457235838722,58.52230168806363,1,1
h3r9:892a306606bffff,-71.07767123723558,42.36368243167716,0.2381158604819108,0.31308312145039646,1,1
h3r9:892a306606fffff,-71.07552549887532,42.36099522183873,0.00030361046788700106,0.00025149822339893364,1,1
h3r9:892a3066073ffff,-71.07098427620448,42.366376057997115,0.03733501054041419,0.030445982499220318,1,1
h3r9:892a3066077ffff,-71.06883882243646,42.363688649101675,188.509453601659,238.15699792632012,1,1
h3r9:892a306607bffff,-71.0754007404199,42.36637296010021,0.9974041187234122,1.1509005736310443,1,1
h3r9:892a30660a3ffff,-71.05331869380487,42.36638675447857,149.09353912483192,117.03759220674131,1,1
h3r9:892a30660a7ffff,-71.05117432224975,42.36369905008298,75.4288272232514,51.89607943581725,1,1
h3r9:892a30660abffff,-71.05773504813102,42.36638433461781,136.29730235834728,116.21777620668445,1,1
h3r9:892a30660afffff,-71.05559040598948,42.36369670406321,169.82972829841438,135.16187006522304,1,1
h3r9:892a30660b3ffff,-71.05104672430397,42.369076834345705,0.17083553273589158,0.2374413506446197,1,1
h3r9:892a30660b7ffff,-71.04890236708157,42.366389004838226,0.0028981570321276583,0.0024017272792461438,1,1
h3r9:892a30660bbffff,-71.05546332165665,42.36907451014701,0.07716630772175502,0.07455695300189143,1,1
h3r9:892a3066103ffff,-71.04928579744815,42.350257174366206,83.76853938729138,125.15039127569754,1,1
h3r9:892a3066107ffff,-71.04714242193315,42.34756992553658,0.8850490543000339,1.0535871612472623,1,1
h3r9:892a306610bffff,-71.05370058388168,42.35025485850065,0.13196644317396553,0.151322755656986,1,1
h3r9:892a306610fffff,-71.05155693794896,42.34756768343292,0.2934555184123994,0.259240406542617,1,1
h3r9:892a3066113ffff,-71.0470143997991,42.35294669481648,43.53898889301325,78.22949665884838,1,1
h3r9:892a306611bffff,-71.0514294290619,42.35294447456235,9.948568126742636,3.691010366412162,1,1
h3r9:892a3066123ffff,-71.0472704142824,42.342193487424964,0.01702350526733642,0.01908553159513843,1,1
h3r9:892a3066127ffff,-71.04512753646871,42.339506466529755,0.041649441574992854,0.035848926010135,1,1
h3r9:892a306612bffff,-71.05168441717053,42.34219122347634,5.997790567291855,0.2961819030732002,1,1
h3r9:892a306612fffff,-71.04954126902356,42.33950427630349,62.64651107406322,40.41857488980784,1,1
h3r9:892a306613bffff,-71.04941354809581,42.34488055973351,0.07455695300189143,0.10957416317086761,1,1
h3r9:892a3066143ffff,-71.06025957036269,42.35293952586885,211.58997723919452,240.99149299689807,1,1
h3r9:892a3066147ffff,-71.05811539789424,42.35025237326061,1.4927555763370441,1.7823300433757683,1,1
h3r9:892a306614bffff,-71.06467468229633,42.35293679742314,96.94388277535407,117.5603364995911,1,1
h3r9:892a306614fffff,-71.06253023943373,42.350249718642885,259.39838520952577,279.3827088583628,1,1
h3r9:892a3066153ffff,-71.0579886441453,42.35562936265101,458.9051356519852,577.0954387928444,1,1
h3r9:892a3066157ffff,-71.0558444859338,42.352942084914204,310.01201211251873,402.1131068191149,1,1
h3r9:892a306615bffff,-71.0624039990112,42.35562672977961,91.26824347265996,106.46668507723432,1,1
h3r9:892a3066163ffff,-71.05824212215141,42.34487571501783,0.259240406542617,0.15428487147773384,1,1
h3r9:892a3066167ffff,-71.05609844765193,42.342188790218096,13.740321225546813,9.55830141345115,1,1
h3r9:892a306616bffff,-71.06265645048377,42.344873038658335,106.80308762678342,103.61909974534518,1,1
h3r9:892a306616fffff,-71.06051250567447,42.342186187647016,0.26943958447677874,0.31568883954623983,1,1
h3r9:892a3066173ffff,-71.055971481566,42.34756527197742,0.15428487147773384,0.13697413933147345,1,1
h3r9:892a3066177ffff,-71.05382782133806,42.344878222041835,0.01908553159513843,0.01702350526733642,1,1
h3r9:892a306617bffff,-71.06038605273206,42.347562691166935,16.339112391942866,13.659333480102765,1,1
h3r9:892a30661c3ffff,-71.05130189049893,42.35832159680045,10.644247992315291,4.661424008065268,1,1
h3r9:892a30661c7ffff,-71.04915801707014,42.355634120137346,9.050391378296716,2.878136808894422,1,1
h3r9:892a30661cbffff,-71.05571746074509,42.358319228964206,533.769654305455,656.0723856916067,1,1
h3r9:892a30661cfffff,-71.05357331681424,42.35563182610253,445.33036949228364,586.3649848833713,1,1
h3r9:892a30661d3ffff,-71.04903020695141,42.36101139698278,0.061169080849354136,0.07716630772175502,1,1
h3r9:892a30661d7ffff,-71.04688634786987,42.358323795200484,6.078434094596955,0.09700955528650662,1,1
h3r9:892a30661dbffff,-71.0534460201254,42.361009124783244,24.630254380083453,21.19252965327283,1,1
h3r9:892a3066203ffff,-71.09521393269502,42.36904596340795,21.487278480393986,15.641283038730027,1,1
h3r9:892a3066207ffff,-71.09306687017667,42.36635887331214,0.20503937081707174,0.21936082445942323,1,1
h3r9:892a306620bffff,-71.09963080350433,42.36904194382923,18.105903287065217,13.00085977772317,1,1
h3r9:892a306620fffff,-71.09748347057847,42.36635492779936,32.77760386889909,25.952860853532677,1,1
h3r9:892a3066217ffff,-71.09079708899631,42.36904981343455,9.020298512764358,2.841450750722209,1,1
h3r9:892a3066223ffff,-71.09318957419868,42.36098104895769,0.024804182170350172,0.03538963555262026,1,1
h3r9:892a3066227ffff,-71.09104301066486,42.358294186191074,0.004094590951865706,0.0049430197076577,1,1
h3r9:892a306622bffff,-71.09760566097269,42.36097708202721,14.324611287626764,7.050262479766921,1,1
h3r9:892a306622fffff,-71.09545882711568,42.35829029328686,0.1248572793295774,0.18988839407033964,1,1
h3r9:892a3066233ffff,-71.09092006414153,42.363671834302295,0.07539949398735844,0.0780210770021827,1,1
h3r9:892a3066237ffff,-71.08877351454973,42.36098484640096,0.030445982499220318,0.0299787809302517,1,1
h3r9:892a306623bffff,-71.09533639415658,42.363667962834654,3.0368980212566576,0.1730578799901697,1,1
h3r9:892a3066247ffff,-71.10404770137191,42.369037754695285,17.638176175116346,12.312984187247785,1,1
h3r9:892a3066263ffff,-71.10416913544286,42.363659711366616,12.399358128743035,3.288707903685437,1,1
h3r9:892a3066267ffff,-71.1020217748195,42.36097294560643,9.162475904492876,3.032178751965991,1,1
h3r9:892a3066273ffff,-71.10190009806088,42.36635081275401,22.41183442582979,13.766880805540065,1,1
h3r9:892a3066277ffff,-71.09975275127445,42.36366392185711,13.077766664469056,6.182060406709771,1,1
h3r9:892a30662a3ffff,-71.08423375082371,42.36636625575255,9.937739899527907,4.305780646944582,1,1
h3r9:892a30662a7ffff,-71.0820874856288,42.36367906872042,0.4047094362104024,0.47159626180184455,1,1
h3r9:892a30662abffff,-71.08865029690766,42.3663626492955,5.978320981839123,0.3604380141092828,1,1
h3r9:892a30662afffff,-71.08650376128156,42.36367553626317,0.6233982833366642,0.7428701317620476,1,1
h3r9:892a30662b3ffff,-71.08196348313963,42.36905700484391,15.128266821603612,10.004112863861662,1,1
h3r9:892a30662b7ffff,-71.07981723197703,42.366369692686405,10.328177814060796,6.142858300182647,1,1
h3r9:892a30662bbffff,-71.08638027246046,42.36905349391216,14.97910413233596,9.956891605541449,1,1
h3r9:892a3066303ffff,-71.08018987981733,42.35023740633213,61.09796576734984,66.81417459050594,1,1
h3r9:892a3066307ffff,-71.07804461184338,42.34755067431182,209.36588997706048,236.38994609991516,1,1
h3r9:892a306630bffff,-71.08460485820878,42.35023390477874,53.89048385910689,42.67225137858619,1,1
h3r9:892a306630fffff,-71.08245931997223,42.347547246679014,272.07538889646304,314.3445857213645,1,1
h3r9:892a3066313ffff,-71.07792018260409,42.35292759565237,56.5568303464795,47.09753522795824,1,1
h3r9:892a3066317ffff,-71.07577492869191,42.35024073849208,257.570835484908,299.89644398312765,1,1
h3r9:892a306631bffff,-71.082335404035,42.35292418957374,39.94237893379862,26.328617086033,1,1
h3r9:892a3066323ffff,-71.0781690121329,42.342174084171425,89.42474944010492,62.74346544617895,1,1
h3r9:892a3066327ffff,-71.07602424245043,42.339487579808626,82.22674686761539,59.210611019420355,1,1
h3r9:892a306632bffff,-71.0825832070789,42.34217063498897,100.77023330440511,69.69179748114267,1,1
h3r9:892a306632fffff,-71.08043816721799,42.33948420450716,96.29482806743528,68.56890235715248,1,1
h3r9:892a3066333ffff,-71.07589960007337,42.34486399353536,68.81391328017001,55.98632008633393,1,1
h3r9:892a3066337ffff,-71.07375484446735,42.34217736402531,85.5355087652583,61.396653673748716,1,1
h3r9:892a306633bffff,-71.08031403796022,42.3448606398024,100.98780389891814,73.31213460076927,1,1
h3r9:892a3066343ffff,-71.0911659285763,42.35291686916511,0.004133890405361776,0.0034243545184618543,1,1
h3r9:892a3066347ffff,-71.08901986381413,42.35023023382882,69.6316364034058,55.504756393739704,1,1
h3r9:892a306634bffff,-71.09558123158229,42.352912954828845,2.903392750088704e-09,3.5049966532602376e-09,1,1
h3r9:892a306634fffff,-71.09343489658116,42.35022639347921,10.206943370356857,5.984704078032417,1,1
h3r9:892a3066353ffff,-71.08889670351523,42.35560737455732,0.0,0.0,0,0
h3r9:892a3066357ffff,-71.08675065270981,42.35292061407903,3.0340279497654543,0.1248572793295774,1,1
h3r9:892a306635bffff,-71.09331224966351,42.35560355565865,0.00033797632869826666,0.00040800745986997966,1,1
h3r9:892a3066363ffff,-71.08914299545647,42.344853424279655,143.2869434434192,115.26003705794942,1,1
h3r9:892a3066367ffff,-71.08699742925315,42.342167016474804,77.20444541953101,59.511640691901555,1,1
h3r9:892a306636bffff,-71.09355751496155,42.34484956248364,0.14902205456724105,0.12762595329795706,1,1
h3r9:892a306636fffff,-71.09141167860348,42.34216322862586,10.756314403469299,8.971047031032727,1,1
h3r9:892a3066373ffff,-71.08687405533708,42.34754364967233,57.0025477824465,50.642787087636876,1,1
h3r9:892a3066377ffff,-71.08472850310531,42.34485711671819,52.83796991207981,45.00631407154637,1,1
h3r9:892a306637bffff,-71.09128881788584,42.34753988328863,27.50322721751968,17.830147441634068,1,1
h3r9:892a3066383ffff,-71.07123479113872,42.35562095576458,22.944338822537965,14.147304781342259,1,1
h3r9:892a3066387ffff,-71.06908982168257,42.35293389957393,0.024973715432144702,0.01823544212864792,1,1
h3r9:892a306638bffff,-71.07565022829593,42.35561781461462,10.873907778214575,9.027866542481249,1,1
h3r9:892a306638fffff,-71.0735049884692,42.352930832318066,47.28034155583566,39.021838139907196,1,1
h3r9:892a3066393ffff,-71.0689643366639,42.358311108806454,106.38227111295242,89.15221421557135,1,1
h3r9:892a3066397ffff,-71.06681938135974,42.35562392748518,0.20113996339667778,0.24089345092272949,1,1
h3r9:892a306639bffff,-71.07338001685633,42.35830806319369,0.09129003101793715,0.061169080849354136,1,1
h3r9:892a30663a3ffff,-71.06921527750262,42.347557021468305,53.48184256080291,40.079009880798615,1,1
h3r9:892a30663a7ffff,-71.067070806283,42.34487019296019,50.67470644584885,32.4158089122551,1,1
h3r9:892a30663abffff,-71.07362993100283,42.34755393257387,68.29429485455245,55.22121902685341,1,1
h3r9:892a30663afffff,-71.07148518949691,42.344867177920264,59.850984163087944,50.67008547972034,1,1
h3r9:892a30663b3ffff,-71.06694510844794,42.35024689464433,48.577572946109306,56.997066331768046,1,1
h3r9:892a30663b7ffff,-71.06480065139498,42.34755994099827,94.16067275765477,72.41392677515698,1,1
h3r9:892a30663bbffff,-71.07136000488472,42.35024390126177,204.1719892179434,240.01395808880162,1,1
h3r9:892a30663c3ffff,-71.08221145925725,42.358301463608946,0.0049430197076577,0.004094590951865706,1,1
h3r9:892a30663c7ffff,-71.08006569277921,42.355614504032175,0.00040800745986997966,0.00033797632869826666,1,1
h3r9:892a30663cbffff,-71.08662722136131,42.358297909630714,0.0024017272792461438,0.0028981570321276583,1,1
h3r9:892a30663cfffff,-71.08448118453639,42.355611024014124,1.368048362776297e-09,1.1686337036549352e-09,1,1
h3r9:892a30663d3ffff,-71.07994147683584,42.360991932838346,0.09487526167826091,0.09129003101793715,1,1
h3r9:892a30663d7ffff,-71.07779572440484,42.3583048481289,3.5049966532602376e-09,2.903392750088704e-09,1,1
h3r9:892a30663dbffff,-71.08435748207805,42.36098847436014,0.1730578799901697,0.20503937081707174,1,1
h3r9:892a306654fffff,-71.04663015458425,42.36907898902378,0.8817749396785521,0.7144031814177618,1,1
h3r9:892a306656bffff,-71.04675826613506,42.36370122662432,0.07409880037689873,0.08221701376780326,1,1
h3r9:892a3066c5bffff,-71.04739837685723,42.33681738054575,72.49999728653505,68.06547249726925,1,1
h3r9:892a3066e53ffff,-71.07387972887288,42.33680112673653,53.36786147861555,42.77477369096292,1,1
h3r9:892a3066e5bffff,-71.07829338348272,42.336797825295335,58.28342125876936,48.715928907676506,1,1
h3r9:892a3066e83ffff,-71.05622538420197,42.33681263970032,21.359146644894025,15.383420565707144,1,1
h3r9:892a3066e8bffff,-71.06063892920018,42.336810015373246,0.035848926010135,0.041649441574992854,1,1
h3r9:892a3066e93ffff,-71.05395502919374,42.33950191679023,17.23769268896515,14.33657475109797,1,1
h3r9:892a3066e97ffff,-71.05181186673693,42.33681509475677,61.926298397196575,44.06012966541563,1,1
h3r9:892a3066e9bffff,-71.05836881692714,42.33949938798685,10.055982762716653,5.8302527829928685,1,1
h3r9:892a3066ec3ffff,-71.06719647487513,42.33949382249697,14.53278775245807,9.930843191487716,1,1
h3r9:892a3066ec7ffff,-71.0650525016795,42.336807221772354,0.005003374741652607,0.004186138371111815,1,1
h3r9:892a3066ecbffff,-71.0716103449854,42.33949078580418,73.18143935356342,54.24701093020454,1,1
h3r9:892a3066ecfffff,-71.06946610158778,42.3368042588945,18.4596586860946,12.087832126151117,1,1
h3r9:892a3066ed3ffff,-71.06492659118597,42.342183415759976,15.793102593912987,10.646457491104572,1,1
h3r9:892a3066ed7ffff,-71.06278263217163,42.33949668989014,0.09700955528650662,0.12003641819049571,1,1
h3r9:892a3066edbffff,-71.06934070413429,42.342180474553786,65.28708635822692,52.37952892344383,1,1
