o_zone_id,d_zone_id,volume,reconstructed_flow,raw_residual,audit_abs_tolerance,audit_pass
1,2,100.0,99.99999999989599,-1.0400924566056347e-10,2e-06,True
1,3,100.0,99.99999999958797,-4.120295216125669e-10,2e-06,True
1,4,500.0,499.9999999977431,-2.2569111024495214e-09,6e-06,True
1,5,200.0,199.9999999954307,-4.5693013817071915e-09,3e-06,True
1,6,300.0,299.99999990353115,-9.646885246183956e-08,4e-06,True
1,7,500.0,499.9999993784912,-6.215087751115789e-07,6e-06,True
1,8,800.0,799.9999994160743,-5.839257255502162e-07,9e-06,True
1,9,500.0,499.9999999815943,-1.8405671653454192e-08,6e-06,True
1,10,1300.0,1299.9999999759984,-2.4001565179787576e-08,1.4000000000000001e-05,True
1,11,500.0,499.99999998862427,-1.1375732356100343e-08,6e-06,True
1,12,200.0,199.99999999898594,-1.0140581707673846e-09,3e-06,True
1,13,500.0,499.9999999983108,-1.6892158782866318e-09,6e-06,True
1,14,300.0,299.99999993710696,-6.289303655648837e-08,4e-06,True
1,15,500.0,499.9999999708914,-2.910860530391801e-08,6e-06,True
1,16,500.0,499.99999934379616,-6.562038379342994e-07,6e-06,True
1,17,400.0,399.9999999652697,-3.47303057424142e-08,4.9999999999999996e-06,True
1,18,100.0,99.99999937803257,-6.21967430447512e-07,2e-06,True
1,19,300.0,299.9999999038069,-9.619310503694578e-08,4e-06,True
1,20,300.0,299.9999995243761,-4.756238922709599e-07,4e-06,True
1,21,100.0,99.99999957379904,-4.2620095541678893e-07,2e-06,True
1,22,400.0,399.9999995736449,-4.2635508634703e-07,4.9999999999999996e-06,True
1,23,300.0,299.999999668176,-3.318240260341554e-07,4e-06,True
1,24,100.0,99.99999969895006,-3.0104993697932514e-07,2e-06,True
2,1,100.0,99.99999999989701,-1.0298606412106892e-10,2e-06,True
2,3,100.0,99.999999999485,-5.150013748789206e-10,2e-06,True
2,4,200.0,199.99999999764012,-2.359882955715875e-09,3e-06,True
2,5,100.0,99.99999984926386,-1.5073614179073047e-07,2e-06,True
2,6,400.0,399.99999990363517,-9.636482900532428e-08,4.9999999999999996e-06,True
2,7,200.0,199.9999993785952,-6.214048084984825e-07,3e-06,True
2,8,400.0,399.9999994161782,-5.838218157805386e-07,4.9999999999999996e-06,True
2,9,200.0,199.99999998149136,-1.8508643506720546e-08,3e-06,True
2,10,600.0,599.9999999758952,-2.4104792828438804e-08,7e-06,True
2,11,200.0,199.99999998852132,-1.1478675787657266e-08,3e-06,True
2,12,100.0,99.99999999888296,-1.1170442348884535e-09,2e-06,True
2,13,300.0,299.9999999982078,-1.792216153262416e-09,4e-06,True
2,14,100.0,99.9999999370039,-6.299609367488301e-08,2e-06,True
2,15,100.0,99.99999982472447,-1.7527553097806958e-07,2e-06,True
2,16,400.0,399.99999934390024,-6.560997576343652e-07,4.9999999999999996e-06,True
2,17,200.0,199.99999931879654,-6.81203459862445e-07,3e-06,True
2,19,100.0,99.99999935973725,-6.402627548141027e-07,2e-06,True
2,20,100.0,99.99999937561563,-6.243843699849094e-07,2e-06,True
2,22,100.0,99.99999957354193,-4.264580724111511e-07,2e-06,True
3,1,100.0,99.99999999957083,-4.291678123991005e-10,2e-06,True
3,2,100.0,99.99999999946682,-5.33177058059664e-10,2e-06,True
3,4,200.0,199.99999999815515,-1.8448531591275241e-09,3e-06,True
3,5,100.0,99.99999999584273,-4.1572718600946246e-09,2e-06,True
3,6,300.0,299.999999903102,-9.689802027423866e-08,4e-06,True
3,7,100.0,99.99999937806203,-6.219379713456874e-07,2e-06,True
3,8,200.0,199.99999941564502,-5.843549786277435e-07,3e-06,True
3,9,100.0,99.99999998200637,-1.799362792098691e-08,2e-06,True
3,10,300.0,299.99999997641015,-2.3589848296978744e-08,4e-06,True
3,11,300.0,299.9999999890363,-1.0963674412778346e-08,4e-06,True
3,12,200.0,199.99999999939797,-6.020286491548177e-10,3e-06,True
3,13,100.0,99.9999999987228,-1.27720056752878e-09,2e-06,True
3,14,100.0,99.99999993751895,-6.248104966743995e-08,2e-06,True
3,15,100.0,99.99999997130332,-2.869667525828845e-08,2e-06,True
3,16,200.0,199.9999993433671,-6.566328920598608e-07,3e-06,True
3,17,100.0,99.9999999656817,-3.4318304642511066e-08,2e-06,True
3,22,100.0,99.99999957405691,-4.259430852471269e-07,2e-06,True
3,23,100.0,99.99999966858798,-3.3141202493425226e-07,2e-06,True
4,1,500.0,499.9999999978903,-2.1096866476000287e-09,6e-06,True
4,2,200.0,199.99999999778632,-2.213681682405877e-09,3e-06,True
4,3,200.0,199.9999999983195,-1.6804904134914977e-09,3e-06,True
4,5,500.0,499.99999999768755,-2.312447122676531e-09,6e-06,True
4,6,400.0,399.9999999454498,-5.455018481370644e-08,4.9999999999999996e-06,True
4,7,400.0,399.99999942040984,-5.795901643068646e-07,4.9999999999999996e-06,True
4,8,700.0,699.9999994579928,-5.420072284323396e-07,8e-06,True
4,9,700.0,699.9999999838512,-1.614876055100467e-08,8e-06,True
4,10,1200.0,1199.999999978255,-2.174510882468894e-08,1.3000000000000001e-05,True
4,11,1400.0,1399.9999999908812,-9.118821253650822e-09,1.5e-05,True
4,12,600.0,599.9999999977174,-2.2826043277746066e-09,7e-06,True
4,13,600.0,599.9999999970423,-2.9576767701655626e-09,7e-06,True
4,14,500.0,499.9999999393638,-6.063618229745771e-08,6e-06,True
4,15,500.0,499.9999999731481,-2.6851921575143933e-08,6e-06,True
4,16,800.0,799.999999385715,-6.142849997559097e-07,9e-06,True
4,17,500.0,499.9999999675266,-3.247339463996468e-08,6e-06,True
4,18,100.0,99.99999941995124,-5.800487627993789e-07,2e-06,True
4,19,200.0,199.99999997056852,-2.94314759230474e-08,3e-06,True
4,20,300.0,299.9999994174304,-5.825696121064539e-07,4e-06,True
4,21,200.0,199.99999957253064,-4.27469359465249e-07,3e-06,True
4,22,400.0,399.99999997032967,-2.9670331969100516e-08,4.9999999999999996e-06,True
4,23,500.0,499.9999996669075,-3.330924869260343e-07,6e-06,True
4,24,200.0,199.9999996976816,-3.0231839787120407e-07,3e-06,True
5,1,200.0,199.9999999953034,-4.696602218245971e-09,3e-06,True
5,2,100.0,99.99999985108288,-1.4891712396547518e-07,2e-06,True
5,3,100.0,99.99999999573257,-4.2674344058468705e-09,2e-06,True
5,4,500.0,499.99999999741306,-2.5869439923553728e-09,6e-06,True
5,6,200.0,199.99999994776226,-5.2237737691029906e-08,3e-06,True
5,7,200.0,199.99999942272228,-5.772777171841881e-07,3e-06,True
5,8,500.0,499.9999994603053,-5.396947244662442e-07,6e-06,True
5,9,800.0,799.9999999861636,-1.3836370271747e-08,9e-06,True
5,10,1000.0,999.9999999805675,-1.9432491171755828e-08,1.1000000000000001e-05,True
5,11,500.0,499.99999998829423,-1.1705765246006195e-08,6e-06,True
5,12,200.0,199.99999999513054,-4.869463055001688e-09,3e-06,True
5,13,200.0,199.99999999445535,-5.544649184230366e-09,3e-06,True
5,14,100.0,99.99999993677686,-6.32231405006678e-08,2e-06,True
5,15,200.0,199.99999997546058,-2.453941760904854e-08,3e-06,True
5,16,500.0,499.99999938802733,-6.119726663200709e-07,6e-06,True
5,17,200.0,199.99999996983897,-3.016103278241644e-08,3e-06,True
5,19,100.0,99.99999997288094,-2.71190572220803e-08,2e-06,True
5,20,100.0,99.99999941974268,-5.802573213031792e-07,2e-06,True
5,21,100.0,99.99999956994365,-4.300563460901685e-07,2e-06,True
5,22,200.0,199.99999997264214,-2.7357856424714555e-08,3e-06,True
5,23,100.0,99.99999966432054,-3.3567945934009913e-07,2e-06,True
6,1,300.0,299.99999990321766,-9.678234391685692e-08,4e-06,True
6,2,400.0,399.9999999033206,-9.667940048529999e-08,4.9999999999999996e-06,True
6,3,300.0,299.99999990280554,-9.719445870359777e-08,4e-06,True
6,4,400.0,399.99999994304176,-5.695824256690685e-08,4.9999999999999996e-06,True
6,5,200.0,199.99999994562867,-5.4371326996260905e-08,3e-06,True
6,7,400.0,399.99999947496,-5.250399794931582e-07,4.9999999999999996e-06,True
6,8,800.0,799.999999512543,-4.874569867752143e-07,9e-06,True
6,9,400.0,399.99999993179233,-6.820766884629847e-08,4.9999999999999996e-06,True
6,10,800.0,799.9999999261962,-7.38037897463073e-08,9e-06,True
6,11,400.0,399.9999999339229,-6.607712066397653e-08,4.9999999999999996e-06,True
6,12,200.0,199.99999990220357,-9.779643050933373e-08,3e-06,True
6,13,200.0,199.9999999015284,-9.847158821685298e-08,3e-06,True
6,14,100.0,99.99999988240556,-1.1759443907521927e-07,2e-06,True
6,15,200.0,199.99999992108926,-7.891074460530945e-08,3e-06,True
6,16,900.0,899.999999440265,-5.597349854724598e-07,1e-05,True
6,17,500.0,499.99999941516137,-5.848386308571207e-07,6e-06,True
6,18,100.0,99.9999994745014,-5.254986064073819e-07,2e-06,True
6,19,200.0,199.99999945610205,-5.438979542304878e-07,3e-06,True
6,20,300.0,299.99999947198046,-5.280195409795851e-07,4e-06,True
6,21,100.0,99.99999941574848,-5.842515236054169e-07,2e-06,True
6,22,200.0,199.9999994635812,-5.364188098155864e-07,3e-06,True
6,23,100.0,99.99999960994921,-3.9005078633636003e-07,2e-06,True
6,24,100.0,99.99999964072333,-3.5927666885982035e-07,2e-06,True
7,1,500.0,499.9999993658707,-6.34129321497312e-07,6e-06,True
7,2,200.0,199.9999993659736,-6.340264064874646e-07,3e-06,True
7,3,100.0,99.99999936545856,-6.345414362840529e-07,2e-06,True
7,4,400.0,399.9999994056947,-5.943052769907808e-07,4.9999999999999996e-06,True
7,5,200.0,199.99999940828164,-5.917183614201349e-07,3e-06,True
7,6,400.0,399.99999946265297,-5.37347034423874e-07,4.9999999999999996e-06,True
7,8,1000.0,999.9999999614898,-3.851016572298249e-08,1.1000000000000001e-05,True
7,9,600.0,599.9999999599534,-4.004664333479013e-08,7e-06,True
7,10,1900.0,1899.9999999728263,-2.7173655325896107e-08,2e-05,True
7,11,500.0,499.9999999430376,-5.6962392136483686e-08,6e-06,True
7,12,700.0,699.9999993648565,-6.351434649332077e-07,8e-06,True
7,13,400.0,399.9999994472639,-5.52736082681804e-07,4.9999999999999996e-06,True
7,14,200.0,199.9999999533891,-4.661089292312681e-08,3e-06,True
7,15,500.0,499.9999999785841,-2.141587174264714e-08,6e-06,True
7,16,1400.0,1399.9999999992601,-7.398739398922771e-10,1.5e-05,True
7,17,1000.0,999.9999999741564,-2.584363301139092e-08,1.1000000000000001e-05,True
7,18,200.0,199.99999999954136,-4.5864112507842947e-10,3e-06,True
7,19,400.0,399.9999999811421,-1.885791789391078e-08,4.9999999999999996e-06,True
7,20,500.0,499.99999999702044,-2.9795614864269737e-09,6e-06,True
7,21,200.0,199.99999994078846,-5.921154411225871e-08,3e-06,True
7,22,500.0,499.99999998862114,-1.1378858744137688e-08,6e-06,True
7,23,200.0,199.9999999383525,-6.164751198411977e-08,3e-06,True
7,24,100.0,99.99999978660725,-2.1339275235732202e-07,2e-06,True
8,1,800.0,799.9999994043808,-5.956192126177484e-07,9e-06,True
8,2,400.0,399.99999940448373,-5.955162691861915e-07,4.9999999999999996e-06,True
8,3,200.0,199.99999940396867,-5.960313274044893e-07,3e-06,True
8,4,700.0,699.9999994442048,-5.557951681112172e-07,8e-06,True
8,5,500.0,499.9999994467918,-5.532082241188618e-07,6e-06,True
8,6,800.0,799.9999995011631,-4.988369255443104e-07,9e-06,True
8,7,1000.0,999.9999999624171,-3.758293587452499e-08,1.1000000000000001e-05,True
8,9,800.0,799.9999999984635,-1.5364776118076406e-09,9e-06,True
8,10,1600.0,1599.9999999928673,-7.13271219865419e-09,1.7e-05,True
8,11,800.0,799.9999999815477,-1.8452283256920055e-08,9e-06,True
8,12,600.0,599.9999994033666,-5.96633412897063e-07,7e-06,True
8,13,600.0,599.9999994026916,-5.973083716526162e-07,7e-06,True
8,14,400.0,399.99999991580603,-8.419397090619896e-08,4.9999999999999996e-06,True
8,15,600.0,599.9999999410011,-5.8998921304009855e-08,7e-06,True
8,16,2200.0,2199.999999927722,-7.22779986972455e-08,2.3e-05,True
8,17,1400.0,1399.9999999026184,-9.738164408190642e-08,1.5e-05,True
8,18,300.0,299.9999999619584,-3.804160542131285e-08,4e-06,True
8,19,700.0,699.999999943559,-5.6440967455273494e-08,8e-06,True
8,20,900.0,899.9999999594376,-4.0562440517533105e-08,1e-05,True
8,21,400.0,399.9999999032055,-9.679450840849313e-08,4.9999999999999996e-06,True
8,22,500.0,499.99999995103815,-4.896185146208154e-08,6e-06,True
8,23,300.0,299.99999990076947,-9.923053312377306e-08,4e-06,True
8,24,200.0,199.99999974902425,-2.509757450752659e-07,3e-06,True
9,1,500.0,499.99999997870606,-2.1293942609190708e-08,6e-06,True
9,2,200.0,199.99999997860206,-2.1397937643996556e-08,3e-06,True
9,3,100.0,99.99999997913523,-2.0864774796791608e-08,2e-06,True
9,4,700.0,699.9999999808157,-1.918431280500954e-08,8e-06,True
9,5,800.0,799.9999999834026,-1.6597368812654167e-08,9e-06,True
9,6,400.0,399.9999999311649,-6.883510650368407e-08,4.9999999999999996e-06,True
9,7,600.0,599.9999999609727,-3.9027327147778124e-08,7e-06,True
9,8,800.0,799.9999999985556,-1.4443912732531317e-09,9e-06,True
9,10,2800.0,2799.999999994404,-5.5961209000088274e-09,2.9e-05,True
9,11,1400.0,1399.9999999830843,-1.6915691958274692e-08,1.5e-05,True
9,12,600.0,599.9999999785331,-2.1466917132784147e-08,7e-06,True
9,13,600.0,599.999999977858,-2.2141989575175103e-08,7e-06,True
9,14,600.0,599.9999999201796,-7.982043825904839e-08,7e-06,True
9,15,900.0,899.999999989297,-1.0703047337301541e-08,1e-05,True
9,16,1400.0,1399.9999999739152,-2.6084762794198468e-08,1.5e-05,True
9,17,900.0,899.9999999836754,-1.632463408896001e-08,1e-05,True
9,18,200.0,199.99999996051397,-3.9486025116275414e-08,3e-06,True
9,19,400.0,399.9999999867173,-1.328271537204273e-08,4.9999999999999996e-06,True
9,20,600.0,599.999999957993,-4.200694547762396e-08,7e-06,True
9,21,300.0,299.9999999840011,-1.599892129888758e-08,4e-06,True
9,22,700.0,699.9999999864785,-1.3521457731258124e-08,8e-06,True
9,23,500.0,499.9999998922875,-1.0771248071250739e-07,6e-06,True
9,24,200.0,199.99999967849732,-3.215026822545042e-07,3e-06,True
10,1,1300.0,1299.999999972058,-2.7941950975218788e-08,1.4000000000000001e-05,True
10,2,600.0,599.9999999719538,-2.804620180540951e-08,7e-06,True
10,3,300.0,299.9999999724871,-2.751289684965741e-08,4e-06,True
10,4,1200.0,1199.9999999741674,-2.5832605388131924e-08,1.3000000000000001e-05,True
10,5,1000.0,999.9999999767546,-2.3245434022101108e-08,1.1000000000000001e-05,True
10,6,800.0,799.9999999245169,-7.548305802629329e-08,9e-06,True
10,7,1900.0,1899.9999999787717,-2.1228288460406475e-08,2e-05,True
10,8,1600.0,1599.9999999919073,-8.092683856375515e-09,1.7e-05,True
10,9,2800.0,2799.9999999933516,-6.6484062699601054e-09,2.9e-05,True
10,11,4000.0,3999.9999999886804,-1.1319571058265865e-08,4.1e-05,True
10,12,2000.0,1999.9999999752142,-2.4785776986391284e-08,2.1000000000000002e-05,True
10,13,1900.0,1899.99999997121,-2.8790054784622043e-08,2e-05,True
10,14,2100.0,2099.999999969698,-3.0302089726319537e-08,2.2e-05,True
10,15,4000.0,3999.999999994893,-5.106812750454992e-09,4.1e-05,True
10,16,4400.0,4399.999999979512,-2.0488187146838754e-08,4.4999999999999996e-05,True
10,17,3900.0,3899.9999999892716,-1.0728399502113461e-08,3.9999999999999996e-05,True
10,18,700.0,699.9999999792366,-2.0763422980962787e-08,8e-06,True
10,19,1800.0,1799.9999999923132,-7.686821845709346e-09,1.9e-05,True
10,20,2500.0,2499.9999999767156,-2.3284428607439622e-08,2.6000000000000002e-05,True
10,21,1200.0,1199.9999999895972,-1.0402800398878753e-08,1.3000000000000001e-05,True
10,22,2600.0,2599.9999999920747,-7.925336831249297e-09,2.7000000000000002e-05,True
10,23,1800.0,1799.999999941806,-5.819401849294081e-08,1.9e-05,True
10,24,800.0,799.999999835416,-1.6458398022223264e-07,9e-06,True
11,1,500.0,499.99999999337234,-6.6276584220759105e-09,6e-06,True
11,2,200.0,199.99999999326832,-6.731681878591189e-09,3e-06,True
11,3,300.0,299.9999999938015,-6.19849060967681e-09,4e-06,True
11,4,1500.0,1499.9999999954819,-4.518142304732464e-09,1.6e-05,True
11,5,500.0,499.99999999316964,-6.830362053733552e-09,6e-06,True
11,6,400.0,399.99999994093184,-5.906815658818232e-08,4.9999999999999996e-06,True
11,7,500.0,499.99999994795184,-5.204816488912911e-08,6e-06,True
11,8,800.0,799.9999999855347,-1.446528585802298e-08,9e-06,True
11,9,1400.0,1399.9999999869792,-1.3020780897932127e-08,1.5e-05,True
11,10,3900.0,3899.999999993627,-6.372829375322908e-09,3.9999999999999996e-05,True
11,12,1400.0,1399.9999999865338,-1.3466205928125419e-08,1.5e-05,True
11,13,1000.0,999.9999999858587,-1.4141278370516375e-08,1.1000000000000001e-05,True
11,14,1600.0,1599.9999999484826,-5.151741788722575e-08,1.7e-05,True
11,15,1400.0,1399.9999999885204,-1.14796421257779e-08,1.5e-05,True
11,16,1400.0,1399.9999999731388,-2.6861243895837106e-08,1.5e-05,True
11,17,1000.0,999.9999999828988,-1.710122887743637e-08,1.1000000000000001e-05,True
11,18,100.0,99.99999997286386,-2.7136138669447973e-08,2e-06,True
11,19,400.0,399.99999998594086,-1.4059139630262507e-08,4.9999999999999996e-06,True
11,20,600.0,599.9999999703427,-2.965725798276253e-08,7e-06,True
11,21,400.0,399.9999997628892,-2.371107825638319e-07,4.9999999999999996e-06,True
11,22,1100.0,1099.9999999857023,-1.4297711459221318e-08,1.2e-05,True
11,23,1300.0,1299.9999999205907,-7.940934665384702e-08,1.4000000000000001e-05,True
11,24,600.0,599.9999998880402,-1.1195982096978696e-07,7e-06,True
12,1,200.0,199.99999999890858,-1.0914220638369443e-09,3e-06,True
12,2,100.0,99.99999999880458,-1.1954170986427926e-09,2e-06,True
12,3,200.0,199.99999999933777,-6.622258297284134e-10,3e-06,True
12,4,600.0,599.9999999974929,-2.5071358322747983e-09,7e-06,True
12,5,200.0,199.9999999951805,-4.819497689823038e-09,3e-06,True
12,6,200.0,199.99999990243978,-9.756021768225764e-08,3e-06,True
12,7,700.0,699.9999993774,-6.226000550668687e-07,8e-06,True
12,8,600.0,599.9999994149827,-5.850173465660191e-07,7e-06,True
12,9,600.0,599.999999981344,-1.865601007011719e-08,7e-06,True
12,10,2000.0,1999.999999979031,-2.096908247040119e-08,2.1000000000000002e-05,True
12,11,1400.0,1399.9999999854035,-1.4596480468753725e-08,1.5e-05,True
12,13,1300.0,1299.9999999993247,-6.752998160663992e-10,1.4000000000000001e-05,True
12,14,700.0,699.9999999338861,-6.611389835597947e-08,8e-06,True
12,15,700.0,699.9999999739239,-2.6076122594531626e-08,8e-06,True
12,16,700.0,699.9999993832079,-6.167921355881845e-07,8e-06,True
12,17,600.0,599.9999999683025,-3.169748197251465e-08,7e-06,True
12,18,200.0,199.99999952291947,-4.770805333009775e-07,3e-06,True
12,19,300.0,299.99999997134427,-2.8655733785853954e-08,4e-06,True
12,20,400.0,399.9999995253902,-4.746098056784831e-07,4.9999999999999996e-06,True
12,21,300.0,299.9999995748131,-4.2518689724602154e-07,4e-06,True
12,22,700.0,699.9999995746589,-4.253411134413909e-07,8e-06,True
12,23,700.0,699.99999966919,-3.308100531285163e-07,8e-06,True
12,24,500.0,499.9999996999641,-3.0003587880855775e-07,6e-06,True
13,1,500.0,499.99999999813014,-1.8698642634262796e-09,6e-06,True
13,2,300.0,299.9999999980261,-1.9738877199415583e-09,4e-06,True
13,3,100.0,99.99999999855932,-1.440682240172464e-09,2e-06,True
13,4,600.0,599.9999999967145,-3.2855496101547033e-09,7e-06,True
13,5,200.0,199.99999999440206,-5.597939889412373e-09,3e-06,True
13,6,200.0,199.99999990166134,-9.833865988184698e-08,3e-06,True
13,7,400.0,399.9999995231297,-4.768702979163209e-07,4.9999999999999996e-06,True
13,8,600.0,599.9999994142042,-5.85795760343899e-07,7e-06,True
13,9,600.0,599.9999999805657,-1.9434310161159374e-08,7e-06,True
13,10,1900.0,1899.9999999749696,-2.50304310611682e-08,2e-05,True
13,11,1000.0,999.999999984625,-1.5375007933471352e-08,1.1000000000000001e-05,True
13,12,1300.0,1299.9999999992217,-7.783000910421833e-10,1.4000000000000001e-05,True
13,14,600.0,599.9999999331077,-6.689231213385938e-08,7e-06,True
13,15,700.0,699.9999999023872,-9.761276942299446e-08,8e-06,True
13,16,600.0,599.9999995233135,-4.7668652314314386e-07,7e-06,True
13,17,500.0,499.9999999675239,-3.247612312407e-08,6e-06,True
13,18,100.0,99.9999995235946,-4.7640540401516773e-07,2e-06,True
13,19,300.0,299.99999989980756,-1.0019243745773565e-07,4e-06,True
13,20,600.0,599.9999995260654,-4.739346195492544e-07,7e-06,True
13,21,600.0,599.9999995754883,-4.24511654273374e-07,7e-06,True
13,22,1300.0,1299.9999996168717,-3.831282811006531e-07,1.4000000000000001e-05,True
13,23,800.0,799.9999996698652,-3.301347533124499e-07,9e-06,True
13,24,800.0,799.9999997006394,-2.993606358359102e-07,9e-06,True
14,1,300.0,299.9999999582753,-4.1724717902980046e-08,4e-06,True
14,2,100.0,99.99999995817124,-4.182875557035004e-08,2e-06,True
14,3,100.0,99.99999995870444,-4.129556430143566e-08,2e-06,True
14,4,500.0,499.9999999603849,-3.961508809879888e-08,6e-06,True
14,5,100.0,99.99999995807252,-4.192747837805655e-08,2e-06,True
14,6,100.0,99.99999990583477,-9.416523027994117e-08,2e-06,True
14,7,200.0,199.99999994816642,-5.183358098292956e-08,3e-06,True
14,8,400.0,399.99999990965625,-9.034374670591205e-08,4.9999999999999996e-06,True
14,9,600.0,599.9999999442362,-5.576384864980355e-08,7e-06,True
14,10,2100.0,2099.9999999585307,-4.1469320422038436e-08,2.2e-05,True
14,11,1600.0,1599.999999964903,-3.5096945794066414e-08,1.7e-05,True
14,12,700.0,699.9999999514367,-4.8563265409029555e-08,8e-06,True
14,13,600.0,599.9999999507617,-4.923833785142051e-08,7e-06,True
14,15,1300.0,1299.9999999692795,-3.0720457289135084e-08,1.4000000000000001e-05,True
14,16,700.0,699.9999999292376,-7.076243946357863e-08,8e-06,True
14,17,700.0,699.9999999558139,-4.4186094783071894e-08,8e-06,True
14,18,100.0,99.99999994863128,-5.1368715503485873e-08,2e-06,True
14,19,300.0,299.99999996669993,-3.330006848045741e-08,4e-06,True
14,20,500.0,499.9999999511021,-4.889790261586313e-08,6e-06,True
14,21,400.0,399.9999998144065,-1.8559347836344386e-07,4.9999999999999996e-06,True
14,22,1200.0,1199.9999999191145,-8.088545655482449e-08,1.3000000000000001e-05,True
14,23,1100.0,1099.999999972108,-2.7891928766621277e-08,1.2e-05,True
14,24,400.0,399.9999999395576,-6.044240308256121e-08,4.9999999999999996e-06,True
15,1,500.0,499.99999996130856,-3.869143938572961e-08,6e-06,True
15,2,100.0,99.99999981708802,-1.8291197534381354e-07,2e-06,True
15,3,100.0,99.99999996173773,-3.826227157333051e-08,2e-06,True
15,4,500.0,499.99999996341825,-3.658175273812958e-08,6e-06,True
15,5,200.0,199.99999996600516,-3.399483716748364e-08,3e-06,True
15,6,200.0,199.99999991376743,-8.623257485851354e-08,3e-06,True
15,7,500.0,499.9999999788868,-2.111318053721334e-08,6e-06,True
15,8,600.0,599.9999999403767,-5.962328941677697e-08,7e-06,True
15,9,1000.0,999.9999999826025,-1.73974967765389e-08,1.1000000000000001e-05,True
15,10,4000.0,3999.9999999892507,-1.0749317880254239e-08,4.1e-05,True
15,11,1400.0,1399.9999999779309,-2.2069116312195547e-08,1.5e-05,True
15,12,700.0,699.9999999644649,-3.553509486664552e-08,8e-06,True
15,13,700.0,699.9999999255665,-7.443350114044733e-08,8e-06,True
15,14,1300.0,1299.999999974805,-2.51950496021891e-08,1.4000000000000001e-05,True
15,16,1200.0,1199.999999959958,-4.004209586128127e-08,1.3000000000000001e-05,True
15,17,1500.0,1499.9999999865342,-1.3465751180774532e-08,1.6e-05,True
15,18,200.0,199.99999997935166,-2.064834347947908e-08,3e-06,True
15,19,800.0,799.9999999974203,-2.5796680347411893e-09,9e-06,True
15,20,1100.0,1099.9999999818224,-1.817761585698463e-08,1.2e-05,True
15,21,800.0,799.9999999947041,-5.2958739615860395e-09,9e-06,True
15,22,2600.0,2599.9999999971815,-2.8185240807943046e-09,2.7000000000000002e-05,True
15,23,1000.0,999.9999999469129,-5.30870920556481e-08,1.1000000000000001e-05,True
15,24,400.0,399.9999998405229,-1.594771106283588e-07,4.9999999999999996e-06,True
16,1,500.0,499.9999993307374,-6.692625902360305e-07,6e-06,True
16,2,400.0,399.9999993308403,-6.691597036478925e-07,4.9999999999999996e-06,True
16,3,200.0,199.9999993303253,-6.696747050227714e-07,3e-06,True
16,4,800.0,799.9999993705613,-6.29438659416337e-07,9e-06,True
16,5,500.0,499.99999937314834,-6.268516585805628e-07,6e-06,True
16,6,900.0,899.9999994275197,-5.724803031625925e-07,1e-05,True
16,7,1400.0,1399.9999999992604,-7.396465662168339e-10,1.5e-05,True
16,8,2200.0,2199.999999926357,-7.364315024460666e-08,2.3e-05,True
16,9,1400.0,1399.9999999669183,-3.308173290861305e-08,1.5e-05,True
16,10,4400.0,4399.999999973566,-2.6433554012328386e-08,4.4999999999999996e-05,True
16,11,1400.0,1399.9999999622466,-3.7753352444269694e-08,1.5e-05,True
16,12,700.0,699.9999993682788,-6.317211500572739e-07,8e-06,True
16,13,600.0,599.9999994474477,-5.525522510652081e-07,7e-06,True
16,14,700.0,699.9999999366916,-6.330844826152315e-08,8e-06,True
16,15,1200.0,1199.9999999618867,-3.811328497249633e-08,1.3000000000000001e-05,True
16,17,2800.0,2799.999999974896,-2.5103872758336365e-08,2.9e-05,True
16,18,500.0,499.9999999997251,-2.7489477361086756e-10,6e-06,True
16,19,1300.0,1299.9999999644444,-3.555555849743541e-08,1.4000000000000001e-05,True
16,20,1600.0,1599.9999999972042,-2.7957867132499814e-09,1.7e-05,True
16,21,600.0,599.9999999409721,-5.902791144762887e-08,7e-06,True
16,22,1200.0,1199.9999999888048,-1.1195197657798417e-08,1.3000000000000001e-05,True
16,23,500.0,499.9999999385361,-6.146387931948993e-08,6e-06,True
16,24,300.0,299.999999786791,-2.1320897758414503e-07,4e-06,True
17,1,400.0,399.99999996056994,-3.943006277040695e-08,4.9999999999999996e-06,True
17,2,200.0,199.9999993042639,-6.957361051718181e-07,3e-06,True
17,3,100.0,99.99999996099916,-3.900083811458899e-08,2e-06,True
17,4,500.0,499.99999996267974,-3.73202624359692e-08,6e-06,True
17,5,200.0,199.99999996526662,-3.4733375287032686e-08,3e-06,True
17,6,500.0,499.9999994009433,-5.990567046865181e-07,6e-06,True
17,7,1000.0,999.9999999726839,-2.731610493356129e-08,1.1000000000000001e-05,True
17,8,1400.0,1399.9999998997803,-1.0021972229878884e-07,1.5e-05,True
17,9,900.0,899.999999981864,-1.813600647437852e-08,1e-05,True
17,10,3900.0,3899.999999988512,-1.1487827578093857e-08,3.9999999999999996e-05,True
17,11,1000.0,999.9999999771924,-2.2807626010035165e-08,1.1000000000000001e-05,True
17,12,600.0,599.9999999637262,-3.6273831938160583e-08,7e-06,True
17,13,500.0,499.99999996305115,-3.694884753713268e-08,6e-06,True
17,14,700.0,699.9999999617953,-3.820468919002451e-08,8e-06,True
17,15,1500.0,1499.9999999869904,-1.3009639587835409e-08,1.6e-05,True
17,16,2800.0,2799.9999999734237,-2.6576344680506736e-08,2.9e-05,True
17,18,600.0,599.9999999731488,-2.6851239454117604e-08,7e-06,True
17,19,1700.0,1699.9999999895483,-1.0451685739099048e-08,1.8e-05,True
17,20,1700.0,1699.9999999706279,-2.9372131393756717e-08,1.8e-05,True
17,21,600.0,599.9999999143959,-8.560414244129788e-08,7e-06,True
17,22,1700.0,1699.999999984172,-1.582793629495427e-08,1.8e-05,True
17,23,600.0,599.9999999339034,-6.609661795664579e-08,7e-06,True
17,24,300.0,299.9999997602146,-2.3978537910807063e-07,4e-06,True
18,1,100.0,99.99999936540574,-6.345942580310293e-07,2e-06,True
18,4,100.0,99.99999940522983,-5.94770170891934e-07,2e-06,True
18,6,100.0,99.9999994621881,-5.378118999033177e-07,2e-06,True
18,7,200.0,199.99999999953513,-4.6486547944368795e-10,3e-06,True
18,8,300.0,299.99999996102497,-3.897503120242618e-08,4e-06,True
18,9,200.0,199.99999995948858,-4.051142354910553e-08,3e-06,True
18,10,700.0,699.9999999732852,-2.6714815248851664e-08,8e-06,True
18,11,200.0,199.99999996196547,-3.803452841566468e-08,3e-06,True
18,12,200.0,199.9999994469442,-5.530557984911866e-07,3e-06,True
18,13,100.0,99.99999944772263,-5.52277370502452e-07,2e-06,True
18,14,100.0,99.99999995384769,-4.6152308641467243e-08,2e-06,True
18,15,200.0,199.9999999790428,-2.095720219585928e-08,3e-06,True
18,16,500.0,499.9999999997188,-2.8120439310441725e-10,6e-06,True
18,17,600.0,599.9999999746151,-2.53849066211842e-08,7e-06,True
18,19,300.0,299.99999998160064,-1.8399362033960642e-08,4e-06,True
18,20,400.0,399.99999999747905,-2.5209487830579747e-09,4.9999999999999996e-06,True
18,21,100.0,99.99999994124708,-5.875291719803499e-08,2e-06,True
18,22,300.0,299.99999998907975,-1.0920246040768689e-08,4e-06,True
18,23,100.0,99.99999993881109,-6.118891349160549e-08,2e-06,True
19,1,300.0,299.99999995875066,-4.124933639104711e-08,4e-06,True
19,2,100.0,99.99999934744005,-6.525599474116461e-07,2e-06,True
19,4,200.0,199.99999996086035,-3.913964974344708e-08,3e-06,True
19,5,100.0,99.99999996344727,-3.655273417280114e-08,2e-06,True
19,6,200.0,199.99999944411942,-5.558805753480556e-07,3e-06,True
19,7,400.0,399.99999998146654,-1.853345565905329e-08,4.9999999999999996e-06,True
19,8,700.0,699.9999999429564,-5.704362138203578e-08,8e-06,True
19,9,400.0,399.9999999800446,-1.99553937818564e-08,4.9999999999999996e-06,True
19,10,1800.0,1799.9999999866927,-1.33072717289906e-08,1.9e-05,True
19,11,400.0,399.9999999753731,-2.4626899630675325e-08,4.9999999999999996e-06,True
19,12,300.0,299.999999961907,-3.809299187196302e-08,4e-06,True
19,13,300.0,299.99999992300866,-7.699134130234597e-08,4e-06,True
19,14,300.0,299.99999997224705,-2.77529466075066e-08,4e-06,True
19,15,800.0,799.999999997442,-2.5579538487363607e-09,9e-06,True
19,16,1300.0,1299.9999999625375,-3.74625415133778e-08,1.4000000000000001e-05,True
19,17,1700.0,1699.9999999891138,-1.0886196832871065e-08,1.8e-05,True
19,18,300.0,299.9999999819313,-1.8068703866447322e-08,4e-06,True
19,20,1200.0,1199.999999984402,-1.5598061509081163e-08,1.3000000000000001e-05,True
19,21,400.0,399.9999999921463,-7.853714123484679e-09,4.9999999999999996e-06,True
19,22,1200.0,1199.9999999946235,-5.376477929530665e-09,1.3000000000000001e-05,True
19,23,300.0,299.99999994435495,-5.564504590438446e-08,4e-06,True
19,24,100.0,99.99999983796505,-1.6203495079025743e-07,2e-06,True
20,1,300.0,299.9999994483738,-5.516262149285467e-07,4e-06,True
20,2,100.0,99.99999936303796,-6.369620422219668e-07,2e-06,True
20,4,300.0,299.9999994027591,-5.972408985144284e-07,4e-06,True
20,5,100.0,99.99999940534602,-5.946539829437825e-07,2e-06,True
20,6,300.0,299.9999994597174,-5.402825991041027e-07,4e-06,True
20,7,500.0,499.9999999970644,-2.935621523647569e-09,6e-06,True
20,8,900.0,899.9999999585542,-4.144578724663006e-08,1e-05,True
20,9,600.0,599.9999999570177,-4.29822648584377e-08,7e-06,True
20,10,2500.0,2499.9999999708143,-2.9185684979893267e-08,2.6000000000000002e-05,True
20,11,600.0,599.9999999594947,-4.050525603815913e-08,7e-06,True
20,12,500.0,499.9999994494651,-5.50534878129838e-07,6e-06,True
20,13,600.0,599.9999994502435,-5.497564643519581e-07,7e-06,True
20,14,500.0,499.99999995636864,-4.363135985840927e-08,6e-06,True
20,15,1100.0,1099.9999999815636,-1.8436367099639028e-08,1.2e-05,True
20,16,1600.0,1599.999999997248,-2.7519035938894376e-09,1.7e-05,True
20,17,1700.0,1699.9999999721442,-2.7855776352225803e-08,1.8e-05,True
20,18,400.0,399.99999999752924,-2.470756044203881e-09,4.9999999999999996e-06,True
20,19,1200.0,1199.9999999841216,-1.5878413250902668e-08,1.3000000000000001e-05,True
20,21,1200.0,1199.999999943768,-5.6232011047541164e-08,1.3000000000000001e-05,True
20,22,2400.0,2399.999999991601,-8.399183570872992e-09,2.5e-05,True
20,23,700.0,699.999999941332,-5.866797891940223e-08,8e-06,True
20,24,400.0,399.99999978958687,-2.104131340274762e-07,4.9999999999999996e-06,True
21,1,100.0,99.9999995046057,-4.953943033569885e-07,2e-06,True
21,4,200.0,199.99999950319,-4.968100029145717e-07,3e-06,True
21,5,100.0,99.9999995008776,-4.991223931938293e-07,2e-06,True
21,6,100.0,99.9999994102944,-5.897056070125473e-07,2e-06,True
21,7,200.0,199.99999994764144,-5.2358558377818554e-08,3e-06,True
21,8,400.0,399.99999990913113,-9.08688662093482e-08,4.9999999999999996e-06,True
21,9,300.0,299.9999999797625,-2.023750766966259e-08,4e-06,True
21,10,1200.0,1199.9999999864106,-1.358944246021565e-08,1.3000000000000001e-05,True
21,11,400.0,399.9999997549888,-2.4501122197762015e-07,4.9999999999999996e-06,True
21,12,300.0,299.9999995056971,-4.943029239257157e-07,4e-06,True
21,13,600.0,599.9999995064755,-4.93524453304417e-07,7e-06,True
21,14,400.0,399.99999979008584,-2.0991416249671602e-07,4.9999999999999996e-06,True
21,15,800.0,799.99999999716,-2.84001089312369e-09,9e-06,True
21,16,600.0,599.999999947825,-5.2174982556607574e-08,7e-06,True
21,17,600.0,599.9999999227214,-7.72786279412685e-08,7e-06,True
21,18,100.0,99.99999994810629,-5.189370710922958e-08,2e-06,True
21,19,400.0,399.9999999945803,-5.419678927864879e-09,4.9999999999999996e-06,True
21,20,1200.0,1199.9999999505771,-4.9422851589042693e-08,1.3000000000000001e-05,True
21,22,1800.0,1799.9999999998458,-1.5415935195051134e-10,1.9e-05,True
21,23,700.0,699.9999998150447,-1.8495529729989357e-07,8e-06,True
21,24,500.0,499.9999998458188,-1.5418117982335389e-07,6e-06,True
22,1,400.0,399.99999950212816,-4.978718379788916e-07,4.9999999999999996e-06,True
22,2,100.0,99.9999995020243,-4.97975705116005e-07,2e-06,True
22,3,100.0,99.99999950255746,-4.974425422688e-07,2e-06,True
22,4,400.0,399.9999999607324,-3.926760427930276e-08,4.9999999999999996e-06,True
22,5,200.0,199.99999996331923,-3.668077397378511e-08,3e-06,True
22,6,200.0,199.99999944988696,-5.50113043118472e-07,3e-06,True
22,7,500.0,499.999999987234,-1.2766008694597986e-08,6e-06,True
22,8,500.0,499.99999994872394,-5.1276060730742756e-08,6e-06,True
22,9,700.0,699.9999999799167,-2.008334831771208e-08,8e-06,True
22,10,2600.0,2599.999999986565,-1.3435055734589696e-08,2.7000000000000002e-05,True
22,11,1100.0,1099.999999975245,-2.4755081540206447e-08,1.2e-05,True
22,12,700.0,699.9999995032198,-4.967802169630886e-07,8e-06,True
22,13,1300.0,1299.9999995778378,-4.221622020850191e-07,1.4000000000000001e-05,True
22,14,1200.0,1199.9999999247725,-7.52274900150951e-08,1.3000000000000001e-05,True
22,15,2600.0,2599.9999999973143,-2.685737854335457e-09,2.7000000000000002e-05,True
22,16,1200.0,1199.9999999874174,-1.2582631825353019e-08,1.3000000000000001e-05,True
22,17,1700.0,1699.9999999838483,-1.6151716408785433e-08,1.8e-05,True
22,18,300.0,299.99999998769886,-1.2301143215154298e-08,4e-06,True
22,19,1200.0,1199.9999999947345,-5.265519575914368e-09,1.3000000000000001e-05,True
22,20,2400.0,2399.9999999901697,-9.830273484112695e-09,2.5e-05,True
22,21,1800.0,1799.9999999975225,-2.4774635676294565e-09,1.9e-05,True
22,23,2100.0,2099.9999999497313,-5.0268681661691517e-08,2.2e-05,True
22,24,1100.0,1099.9999998433416,-1.566584160173079e-07,1.2e-05,True
23,1,300.0,299.99999962623656,-3.737634415301727e-07,4e-06,True
23,3,100.0,99.9999996266657,-3.7333430213948304e-07,2e-06,True
23,4,500.0,499.9999996248208,-3.7517918372032e-07,6e-06,True
23,5,100.0,99.99999962250844,-3.7749155978872295e-07,2e-06,True
23,6,100.0,99.99999957027069,-4.297293116906076e-07,2e-06,True
23,7,200.0,199.99999993424058,-6.575942279596347e-08,3e-06,True
23,8,300.0,299.99999989573047,-1.042695316755271e-07,4e-06,True
23,9,500.0,499.9999999192773,-8.072271384662599e-08,6e-06,True
23,10,1800.0,1799.9999999335714,-6.64285835227929e-08,1.9e-05,True
23,11,1300.0,1299.999999939944,-6.005598152114544e-08,1.4000000000000001e-05,True
23,12,700.0,699.999999627328,-3.726720478880452e-07,8e-06,True
23,13,800.0,799.9999996281064,-3.718936341101653e-07,9e-06,True
23,14,1100.0,1099.9999999750412,-2.4958808353403583e-08,1.2e-05,True
23,15,1000.0,999.9999999443208,-5.5679151955700945e-08,1.1000000000000001e-05,True
23,16,500.0,499.9999999344242,-6.557581855304306e-08,6e-06,True
23,17,600.0,599.9999999308551,-6.914490313647548e-08,7e-06,True
23,18,100.0,99.99999993470549,-6.529451468395564e-08,2e-06,True
23,19,300.0,299.99999994174107,-5.8258933677279856e-08,4e-06,True
23,20,700.0,699.9999999371763,-6.282368758547818e-08,8e-06,True
23,21,700.0,699.9999998422987,-1.5770126537972828e-07,8e-06,True
23,22,2100.0,2099.999999947007,-5.299307304085232e-08,2.2e-05,True
23,24,700.0,699.9999999674496,-3.2550360629102215e-08,8e-06,True
24,1,100.0,99.99999965878688,-3.4121312353363464e-07,2e-06,True
24,4,200.0,199.99999965737118,-3.426288230912178e-07,3e-06,True
24,6,100.0,99.99999960282102,-3.971789794832148e-07,2e-06,True
24,7,100.0,99.99999982249044,-1.7750956260442763e-07,2e-06,True
24,8,200.0,199.9999997839803,-2.160197141165554e-07,3e-06,True
24,9,200.0,199.99999964122242,-3.5877758364222245e-07,3e-06,True
24,10,800.0,799.9999998612595,-1.3874046089767944e-07,9e-06,True
24,11,600.0,599.99999990917,-9.08299853108474e-08,7e-06,True
24,12,500.0,499.99999965987826,-3.4012174410236184e-07,6e-06,True
24,13,700.0,699.9999996606567,-3.393432734810631e-07,8e-06,True
24,14,400.0,399.999999944267,-5.573298267336213e-08,4.9999999999999996e-06,True
24,15,400.0,399.999999872009,-1.2799097248716862e-07,4.9999999999999996e-06,True
24,16,300.0,299.9999998226741,-1.7732588730723364e-07,4e-06,True
24,17,300.0,299.99999979757035,-2.0242964637873229e-07,4e-06,True
24,19,100.0,99.99999986942932,-1.3057068315447395e-07,2e-06,True
24,20,400.0,399.999999825426,-1.745739837133442e-07,4.9999999999999996e-06,True
24,21,500.0,499.99999987484904,-1.2515096159404493e-07,6e-06,True
24,22,1100.0,1099.9999998746948,-1.253051777894143e-07,1.2e-05,True
24,23,700.0,699.9999999692259,-3.0774117476539686e-08,8e-06,True
