o_zone_id,d_zone_id,purpose,person_trips_daily_pa,person_trips_midday_from_pa_direction,person_trips_midday_from_ap_reverse_direction,person_trips_midday_od,impedance_min_drive_free_flow_proxy,impedance_source,impedance_unit,distribution_model,friction_function,beta_per_minute,beta_status,od_status,period_status,conversion_support_status,external_flow_status,run_id
h3r9:892a306602bffff,h3r9:892a3066153ffff,HBW,155.42901368781307,12.829732505846843,0.172248585086656,13.0019810909335,2.5786999999999995,existing_gmns_drive_free_flow_complete_177x177_skim,minute,doubly_constrained_gravity_ipf_saved_pa,exp(-beta*drive_free_flow_minutes),0.08,INHERITED_ENGINEERING_ASSUMPTION_NOT_TDM23_CALIBRATED,REGIONAL_PRODUCTION_RATE_ACTIVITY_ATTRACTION_TRANSFER_NOT_OBSERVED_OD,TDM23_TABLE47_LOWER_CURRENT_BLOCK_NONPEAK_MD_PA_AP_FACTORS_APPLIED_WITHOUT_AM_RELABELING,UNION_OF_SAVED_PA_AND_TRANSPOSE_SUPPORT,CLOSED_CORE_SCENARIO_EXTERNAL_TRAVEL_UNKNOWN_NOT_ZERO,behavior_feedback_r1_semantic_fix_r1
h3r9:892a306602bffff,h3r9:892a30661cbffff,HBW,185.15830428065,15.283707068541975,0.1420087107711055,15.42571577931308,2.341504,existing_gmns_drive_free_flow_complete_177x177_skim,minute,doubly_constrained_gravity_ipf_saved_pa,exp(-beta*drive_free_flow_minutes),0.08,INHERITED_ENGINEERING_ASSUMPTION_NOT_TDM23_CALIBRATED,REGIONAL_PRODUCTION_RATE_ACTIVITY_ATTRACTION_TRANSFER_NOT_OBSERVED_OD,TDM23_TABLE47_LOWER_CURRENT_BLOCK_NONPEAK_MD_PA_AP_FACTORS_APPLIED_WITHOUT_AM_RELABELING,UNION_OF_SAVED_PA_AND_TRANSPOSE_SUPPORT,CLOSED_CORE_SCENARIO_EXTERNAL_TRAVEL_UNKNOWN_NOT_ZERO,behavior_feedback_r1_semantic_fix_r1
h3r9:892a306602bffff,h3r9:892a30661cfffff,HBW,163.16988920510244,13.46869533454598,0.0543393282186207,13.5230346627646,3.1179246666666662,existing_gmns_drive_free_flow_complete_177x177_skim,minute,doubly_constrained_gravity_ipf_saved_pa,exp(-beta*drive_free_flow_minutes),0.08,INHERITED_ENGINEERING_ASSUMPTION_NOT_TDM23_CALIBRATED,REGIONAL_PRODUCTION_RATE_ACTIVITY_ATTRACTION_TRANSFER_NOT_OBSERVED_OD,TDM23_TABLE47_LOWER_CURRENT_BLOCK_NONPEAK_MD_PA_AP_FACTORS_APPLIED_WITHOUT_AM_RELABELING,UNION_OF_SAVED_PA_AND_TRANSPOSE_SUPPORT,CLOSED_CORE_SCENARIO_EXTERNAL_TRAVEL_UNKNOWN_NOT_ZERO,behavior_feedback_r1_semantic_fix_r1
h3r9:892a30660a3ffff,h3r9:892a3066153ffff,HBW,154.65573653722316,12.765903116728552,0.1864701343081972,12.952373251036748,3.092801333333333,existing_gmns_drive_free_flow_complete_177x177_skim,minute,doubly_constrained_gravity_ipf_saved_pa,exp(-beta*drive_free_flow_minutes),0.08,INHERITED_ENGINEERING_ASSUMPTION_NOT_TDM23_CALIBRATED,REGIONAL_PRODUCTION_RATE_ACTIVITY_ATTRACTION_TRANSFER_NOT_OBSERVED_OD,TDM23_TABLE47_LOWER_CURRENT_BLOCK_NONPEAK_MD_PA_AP_FACTORS_APPLIED_WITHOUT_AM_RELABELING,UNION_OF_SAVED_PA_AND_TRANSPOSE_SUPPORT,CLOSED_CORE_SCENARIO_EXTERNAL_TRAVEL_UNKNOWN_NOT_ZERO,behavior_feedback_r1_semantic_fix_r1
h3r9:892a30660a3ffff,h3r9:892a30661cbffff,HBW,190.22328372323457,15.70179073165068,0.1572012647514453,15.858991996402125,2.4559186666666672,existing_gmns_drive_free_flow_complete_177x177_skim,minute,doubly_constrained_gravity_ipf_saved_pa,exp(-beta*drive_free_flow_minutes),0.08,INHERITED_ENGINEERING_ASSUMPTION_NOT_TDM23_CALIBRATED,REGIONAL_PRODUCTION_RATE_ACTIVITY_ATTRACTION_TRANSFER_NOT_OBSERVED_OD,TDM23_TABLE47_LOWER_CURRENT_BLOCK_NONPEAK_MD_PA_AP_FACTORS_APPLIED_WITHOUT_AM_RELABELING,UNION_OF_SAVED_PA_AND_TRANSPOSE_SUPPORT,CLOSED_CORE_SCENARIO_EXTERNAL_TRAVEL_UNKNOWN_NOT_ZERO,behavior_feedback_r1_semantic_fix_r1
h3r9:892a30660a3ffff,h3r9:892a30661cfffff,HBW,168.10792851463532,13.87630085131206,0.0657917919165909,13.942092643228651,3.197003333333333,existing_gmns_drive_free_flow_complete_177x177_skim,minute,doubly_constrained_gravity_ipf_saved_pa,exp(-beta*drive_free_flow_minutes),0.08,INHERITED_ENGINEERING_ASSUMPTION_NOT_TDM23_CALIBRATED,REGIONAL_PRODUCTION_RATE_ACTIVITY_ATTRACTION_TRANSFER_NOT_OBSERVED_OD,TDM23_TABLE47_LOWER_CURRENT_BLOCK_NONPEAK_MD_PA_AP_FACTORS_APPLIED_WITHOUT_AM_RELABELING,UNION_OF_SAVED_PA_AND_TRANSPOSE_SUPPORT,CLOSED_CORE_SCENARIO_EXTERNAL_TRAVEL_UNKNOWN_NOT_ZERO,behavior_feedback_r1_semantic_fix_r1
h3r9:892a30660abffff,h3r9:892a30661cbffff,HBW,163.65238342790755,13.508522337673204,0.2735168795204538,13.782039217193658,2.217769333333333,existing_gmns_drive_free_flow_complete_177x177_skim,minute,doubly_constrained_gravity_ipf_saved_pa,exp(-beta*drive_free_flow_minutes),0.08,INHERITED_ENGINEERING_ASSUMPTION_NOT_TDM23_CALIBRATED,REGIONAL_PRODUCTION_RATE_ACTIVITY_ATTRACTION_TRANSFER_NOT_OBSERVED_OD,TDM23_TABLE47_LOWER_CURRENT_BLOCK_NONPEAK_MD_PA_AP_FACTORS_APPLIED_WITHOUT_AM_RELABELING,UNION_OF_SAVED_PA_AND_TRANSPOSE_SUPPORT,CLOSED_CORE_SCENARIO_EXTERNAL_TRAVEL_UNKNOWN_NOT_ZERO,behavior_feedback_r1_semantic_fix_r1
h3r9:892a30660afffff,h3r9:892a3066153ffff,HBW,168.38653888748033,13.89929846592818,0.2621078633717397,14.161406329299918,2.477931333333333,existing_gmns_drive_free_flow_complete_177x177_skim,minute,doubly_constrained_gravity_ipf_saved_pa,exp(-beta*drive_free_flow_minutes),0.08,INHERITED_ENGINEERING_ASSUMPTION_NOT_TDM23_CALIBRATED,REGIONAL_PRODUCTION_RATE_ACTIVITY_ATTRACTION_TRANSFER_NOT_OBSERVED_OD,TDM23_TABLE47_LOWER_CURRENT_BLOCK_NONPEAK_MD_PA_AP_FACTORS_APPLIED_WITHOUT_AM_RELABELING,UNION_OF_SAVED_PA_AND_TRANSPOSE_SUPPORT,CLOSED_CORE_SCENARIO_EXTERNAL_TRAVEL_UNKNOWN_NOT_ZERO,behavior_feedback_r1_semantic_fix_r1
h3r9:892a30660afffff,h3r9:892a30661cbffff,HBW,207.111880096716,17.09584303070333,0.2209666860390372,17.316809716742366,1.8410486666666668,existing_gmns_drive_free_flow_complete_177x177_skim,minute,doubly_constrained_gravity_ipf_saved_pa,exp(-beta*drive_free_flow_minutes),0.08,INHERITED_ENGINEERING_ASSUMPTION_NOT_TDM23_CALIBRATED,REGIONAL_PRODUCTION_RATE_ACTIVITY_ATTRACTION_TRANSFER_NOT_OBSERVED_OD,TDM23_TABLE47_LOWER_CURRENT_BLOCK_NONPEAK_MD_PA_AP_FACTORS_APPLIED_WITHOUT_AM_RELABELING,UNION_OF_SAVED_PA_AND_TRANSPOSE_SUPPORT,CLOSED_CORE_SCENARIO_EXTERNAL_TRAVEL_UNKNOWN_NOT_ZERO,behavior_feedback_r1_semantic_fix_r1
h3r9:892a30660afffff,h3r9:892a30661cfffff,HBW,183.03305700729925,15.108280657610512,0.092478863012744,15.200759520623256,2.5821333333333323,existing_gmns_drive_free_flow_complete_177x177_skim,minute,doubly_constrained_gravity_ipf_saved_pa,exp(-beta*drive_free_flow_minutes),0.08,INHERITED_ENGINEERING_ASSUMPTION_NOT_TDM23_CALIBRATED,REGIONAL_PRODUCTION_RATE_ACTIVITY_ATTRACTION_TRANSFER_NOT_OBSERVED_OD,TDM23_TABLE47_LOWER_CURRENT_BLOCK_NONPEAK_MD_PA_AP_FACTORS_APPLIED_WITHOUT_AM_RELABELING,UNION_OF_SAVED_PA_AND_TRANSPOSE_SUPPORT,CLOSED_CORE_SCENARIO_EXTERNAL_TRAVEL_UNKNOWN_NOT_ZERO,behavior_feedback_r1_semantic_fix_r1
h3r9:892a306614fffff,h3r9:892a3066153ffff,HBW,110.52464203275848,9.123146051952018,1.00941312997995,10.132559181931969,1.703704,existing_gmns_drive_free_flow_complete_177x177_skim,minute,doubly_constrained_gravity_ipf_saved_pa,exp(-beta*drive_free_flow_minutes),0.08,INHERITED_ENGINEERING_ASSUMPTION_NOT_TDM23_CALIBRATED,REGIONAL_PRODUCTION_RATE_ACTIVITY_ATTRACTION_TRANSFER_NOT_OBSERVED_OD,TDM23_TABLE47_LOWER_CURRENT_BLOCK_NONPEAK_MD_PA_AP_FACTORS_APPLIED_WITHOUT_AM_RELABELING,UNION_OF_SAVED_PA_AND_TRANSPOSE_SUPPORT,CLOSED_CORE_SCENARIO_EXTERNAL_TRAVEL_UNKNOWN_NOT_ZERO,behavior_feedback_r1_semantic_fix_r1
h3r9:892a306614fffff,h3r9:892a3066157ffff,HBW,86.8499899529317,7.168945570674795,0.4026824623193503,7.571628032994146,2.4109859999999994,existing_gmns_drive_free_flow_complete_177x177_skim,minute,doubly_constrained_gravity_ipf_saved_pa,exp(-beta*drive_free_flow_minutes),0.08,INHERITED_ENGINEERING_ASSUMPTION_NOT_TDM23_CALIBRATED,REGIONAL_PRODUCTION_RATE_ACTIVITY_ATTRACTION_TRANSFER_NOT_OBSERVED_OD,TDM23_TABLE47_LOWER_CURRENT_BLOCK_NONPEAK_MD_PA_AP_FACTORS_APPLIED_WITHOUT_AM_RELABELING,UNION_OF_SAVED_PA_AND_TRANSPOSE_SUPPORT,CLOSED_CORE_SCENARIO_EXTERNAL_TRAVEL_UNKNOWN_NOT_ZERO,behavior_feedback_r1_semantic_fix_r1
h3r9:892a306614fffff,h3r9:892a30661cbffff,HBW,119.26541827649532,9.844644686215032,0.8149281081422605,10.659572794357292,2.7028720000000006,existing_gmns_drive_free_flow_complete_177x177_skim,minute,doubly_constrained_gravity_ipf_saved_pa,exp(-beta*drive_free_flow_minutes),0.08,INHERITED_ENGINEERING_ASSUMPTION_NOT_TDM23_CALIBRATED,REGIONAL_PRODUCTION_RATE_ACTIVITY_ATTRACTION_TRANSFER_NOT_OBSERVED_OD,TDM23_TABLE47_LOWER_CURRENT_BLOCK_NONPEAK_MD_PA_AP_FACTORS_APPLIED_WITHOUT_AM_RELABELING,UNION_OF_SAVED_PA_AND_TRANSPOSE_SUPPORT,CLOSED_CORE_SCENARIO_EXTERNAL_TRAVEL_UNKNOWN_NOT_ZERO,behavior_feedback_r1_semantic_fix_r1
h3r9:892a306614fffff,h3r9:892a30661cfffff,HBW,113.14538298780856,9.339472493345673,0.3483892842015795,9.687861777547251,2.5575253333333325,existing_gmns_drive_free_flow_complete_177x177_skim,minute,doubly_constrained_gravity_ipf_saved_pa,exp(-beta*drive_free_flow_minutes),0.08,INHERITED_ENGINEERING_ASSUMPTION_NOT_TDM23_CALIBRATED,REGIONAL_PRODUCTION_RATE_ACTIVITY_ATTRACTION_TRANSFER_NOT_OBSERVED_OD,TDM23_TABLE47_LOWER_CURRENT_BLOCK_NONPEAK_MD_PA_AP_FACTORS_APPLIED_WITHOUT_AM_RELABELING,UNION_OF_SAVED_PA_AND_TRANSPOSE_SUPPORT,CLOSED_CORE_SCENARIO_EXTERNAL_TRAVEL_UNKNOWN_NOT_ZERO,behavior_feedback_r1_semantic_fix_r1
h3r9:892a3066153ffff,h3r9:892a306614fffff,HBW,14.762681788638558,1.2185708055613813,7.5572329236318945,8.775803729193276,2.505196,existing_gmns_drive_free_flow_complete_177x177_skim,minute,doubly_constrained_gravity_ipf_saved_pa,exp(-beta*drive_free_flow_minutes),0.08,INHERITED_ENGINEERING_ASSUMPTION_NOT_TDM23_CALIBRATED,REGIONAL_PRODUCTION_RATE_ACTIVITY_ATTRACTION_TRANSFER_NOT_OBSERVED_OD,TDM23_TABLE47_LOWER_CURRENT_BLOCK_NONPEAK_MD_PA_AP_FACTORS_APPLIED_WITHOUT_AM_RELABELING,UNION_OF_SAVED_PA_AND_TRANSPOSE_SUPPORT,CLOSED_CORE_SCENARIO_EXTERNAL_TRAVEL_UNKNOWN_NOT_ZERO,behavior_feedback_r1_semantic_fix_r1
h3r9:892a30661cbffff,h3r9:892a30660a3ffff,HBW,2.299070796060684,0.1897744997900331,13.006707247859888,13.19648174764992,2.3249106666666663,existing_gmns_drive_free_flow_complete_177x177_skim,minute,doubly_constrained_gravity_ipf_saved_pa,exp(-beta*drive_free_flow_minutes),0.08,INHERITED_ENGINEERING_ASSUMPTION_NOT_TDM23_CALIBRATED,REGIONAL_PRODUCTION_RATE_ACTIVITY_ATTRACTION_TRANSFER_NOT_OBSERVED_OD,TDM23_TABLE47_LOWER_CURRENT_BLOCK_NONPEAK_MD_PA_AP_FACTORS_APPLIED_WITHOUT_AM_RELABELING,UNION_OF_SAVED_PA_AND_TRANSPOSE_SUPPORT,CLOSED_CORE_SCENARIO_EXTERNAL_TRAVEL_UNKNOWN_NOT_ZERO,behavior_feedback_r1_semantic_fix_r1
h3r9:892a30661cbffff,h3r9:892a30660afffff,HBW,3.231641014961934,0.2667525759390179,14.161481913493054,14.428234489432072,1.7100406666666663,existing_gmns_drive_free_flow_complete_177x177_skim,minute,doubly_constrained_gravity_ipf_saved_pa,exp(-beta*drive_free_flow_minutes),0.08,INHERITED_ENGINEERING_ASSUMPTION_NOT_TDM23_CALIBRATED,REGIONAL_PRODUCTION_RATE_ACTIVITY_ATTRACTION_TRANSFER_NOT_OBSERVED_OD,TDM23_TABLE47_LOWER_CURRENT_BLOCK_NONPEAK_MD_PA_AP_FACTORS_APPLIED_WITHOUT_AM_RELABELING,UNION_OF_SAVED_PA_AND_TRANSPOSE_SUPPORT,CLOSED_CORE_SCENARIO_EXTERNAL_TRAVEL_UNKNOWN_NOT_ZERO,behavior_feedback_r1_semantic_fix_r1
h3r9:892a30661cbffff,h3r9:892a306614fffff,HBW,11.918335499916058,0.9837870855050712,8.154892240073645,9.138679325578716,2.285928,existing_gmns_drive_free_flow_complete_177x177_skim,minute,doubly_constrained_gravity_ipf_saved_pa,exp(-beta*drive_free_flow_minutes),0.08,INHERITED_ENGINEERING_ASSUMPTION_NOT_TDM23_CALIBRATED,REGIONAL_PRODUCTION_RATE_ACTIVITY_ATTRACTION_TRANSFER_NOT_OBSERVED_OD,TDM23_TABLE47_LOWER_CURRENT_BLOCK_NONPEAK_MD_PA_AP_FACTORS_APPLIED_WITHOUT_AM_RELABELING,UNION_OF_SAVED_PA_AND_TRANSPOSE_SUPPORT,CLOSED_CORE_SCENARIO_EXTERNAL_TRAVEL_UNKNOWN_NOT_ZERO,behavior_feedback_r1_semantic_fix_r1
h3r9:892a30661cbffff,h3r9:892a3066203ffff,HBW,0.168234870525654,0.0138867791526695,4.190504962473482,4.204391741626152,10.068462,existing_gmns_drive_free_flow_complete_177x177_skim,minute,doubly_constrained_gravity_ipf_saved_pa,exp(-beta*drive_free_flow_minutes),0.08,INHERITED_ENGINEERING_ASSUMPTION_NOT_TDM23_CALIBRATED,REGIONAL_PRODUCTION_RATE_ACTIVITY_ATTRACTION_TRANSFER_NOT_OBSERVED_OD,TDM23_TABLE47_LOWER_CURRENT_BLOCK_NONPEAK_MD_PA_AP_FACTORS_APPLIED_WITHOUT_AM_RELABELING,UNION_OF_SAVED_PA_AND_TRANSPOSE_SUPPORT,CLOSED_CORE_SCENARIO_EXTERNAL_TRAVEL_UNKNOWN_NOT_ZERO,behavior_feedback_r1_semantic_fix_r1
h3r9:892a30661cbffff,h3r9:892a306620fffff,HBW,0.4375175420110682,0.0361144479877616,4.299384225987115,4.335498673974877,11.250043333333332,existing_gmns_drive_free_flow_complete_177x177_skim,minute,doubly_constrained_gravity_ipf_saved_pa,exp(-beta*drive_free_flow_minutes),0.08,INHERITED_ENGINEERING_ASSUMPTION_NOT_TDM23_CALIBRATED,REGIONAL_PRODUCTION_RATE_ACTIVITY_ATTRACTION_TRANSFER_NOT_OBSERVED_OD,TDM23_TABLE47_LOWER_CURRENT_BLOCK_NONPEAK_MD_PA_AP_FACTORS_APPLIED_WITHOUT_AM_RELABELING,UNION_OF_SAVED_PA_AND_TRANSPOSE_SUPPORT,CLOSED_CORE_SCENARIO_EXTERNAL_TRAVEL_UNKNOWN_NOT_ZERO,behavior_feedback_r1_semantic_fix_r1
h3r9:892a30661cfffff,h3r9:892a306614fffff,HBW,5.095198376646477,0.4205780548019068,7.736428707174399,8.157006761976305,2.416254,existing_gmns_drive_free_flow_complete_177x177_skim,minute,doubly_constrained_gravity_ipf_saved_pa,exp(-beta*drive_free_flow_minutes),0.08,INHERITED_ENGINEERING_ASSUMPTION_NOT_TDM23_CALIBRATED,REGIONAL_PRODUCTION_RATE_ACTIVITY_ATTRACTION_TRANSFER_NOT_OBSERVED_OD,TDM23_TABLE47_LOWER_CURRENT_BLOCK_NONPEAK_MD_PA_AP_FACTORS_APPLIED_WITHOUT_AM_RELABELING,UNION_OF_SAVED_PA_AND_TRANSPOSE_SUPPORT,CLOSED_CORE_SCENARIO_EXTERNAL_TRAVEL_UNKNOWN_NOT_ZERO,behavior_feedback_r1_semantic_fix_r1
h3r9:892a3066203ffff,h3r9:892a3066153ffff,HBW,49.82703301336011,4.112922613054797,0.0136449816839015,4.126567594738699,10.377983333333331,existing_gmns_drive_free_flow_complete_177x177_skim,minute,doubly_constrained_gravity_ipf_saved_pa,exp(-beta*drive_free_flow_minutes),0.08,INHERITED_ENGINEERING_ASSUMPTION_NOT_TDM23_CALIBRATED,REGIONAL_PRODUCTION_RATE_ACTIVITY_ATTRACTION_TRANSFER_NOT_OBSERVED_OD,TDM23_TABLE47_LOWER_CURRENT_BLOCK_NONPEAK_MD_PA_AP_FACTORS_APPLIED_WITHOUT_AM_RELABELING,UNION_OF_SAVED_PA_AND_TRANSPOSE_SUPPORT,CLOSED_CORE_SCENARIO_EXTERNAL_TRAVEL_UNKNOWN_NOT_ZERO,behavior_feedback_r1_semantic_fix_r1
h3r9:892a3066203ffff,h3r9:892a30661cbffff,HBW,61.28619636237103,5.058807792535555,0.0115032275070621,5.070311020042618,9.741100666666664,existing_gmns_drive_free_flow_complete_177x177_skim,minute,doubly_constrained_gravity_ipf_saved_pa,exp(-beta*drive_free_flow_minutes),0.08,INHERITED_ENGINEERING_ASSUMPTION_NOT_TDM23_CALIBRATED,REGIONAL_PRODUCTION_RATE_ACTIVITY_ATTRACTION_TRANSFER_NOT_OBSERVED_OD,TDM23_TABLE47_LOWER_CURRENT_BLOCK_NONPEAK_MD_PA_AP_FACTORS_APPLIED_WITHOUT_AM_RELABELING,UNION_OF_SAVED_PA_AND_TRANSPOSE_SUPPORT,CLOSED_CORE_SCENARIO_EXTERNAL_TRAVEL_UNKNOWN_NOT_ZERO,behavior_feedback_r1_semantic_fix_r1
h3r9:892a3066203ffff,h3r9:892a30661cfffff,HBW,55.76486366651335,4.603054906488679,0.004814324819272,4.607869231307952,10.117414,existing_gmns_drive_free_flow_complete_177x177_skim,minute,doubly_constrained_gravity_ipf_saved_pa,exp(-beta*drive_free_flow_minutes),0.08,INHERITED_ENGINEERING_ASSUMPTION_NOT_TDM23_CALIBRATED,REGIONAL_PRODUCTION_RATE_ACTIVITY_ATTRACTION_TRANSFER_NOT_OBSERVED_OD,TDM23_TABLE47_LOWER_CURRENT_BLOCK_NONPEAK_MD_PA_AP_FACTORS_APPLIED_WITHOUT_AM_RELABELING,UNION_OF_SAVED_PA_AND_TRANSPOSE_SUPPORT,CLOSED_CORE_SCENARIO_EXTERNAL_TRAVEL_UNKNOWN_NOT_ZERO,behavior_feedback_r1_semantic_fix_r1
h3r9:892a306620fffff,h3r9:892a3066153ffff,HBW,55.15815374274333,4.552974642541007,0.036286062133786,4.589260704674793,12.425399666666664,existing_gmns_drive_free_flow_complete_177x177_skim,minute,doubly_constrained_gravity_ipf_saved_pa,exp(-beta*drive_free_flow_minutes),0.08,INHERITED_ENGINEERING_ASSUMPTION_NOT_TDM23_CALIBRATED,REGIONAL_PRODUCTION_RATE_ACTIVITY_ATTRACTION_TRANSFER_NOT_OBSERVED_OD,TDM23_TABLE47_LOWER_CURRENT_BLOCK_NONPEAK_MD_PA_AP_FACTORS_APPLIED_WITHOUT_AM_RELABELING,UNION_OF_SAVED_PA_AND_TRANSPOSE_SUPPORT,CLOSED_CORE_SCENARIO_EXTERNAL_TRAVEL_UNKNOWN_NOT_ZERO,behavior_feedback_r1_semantic_fix_r1
h3r9:892a306620fffff,h3r9:892a30661cbffff,HBW,62.87855718361873,5.190247624164626,0.0299156994525488,5.220163323617175,12.73847133333333,existing_gmns_drive_free_flow_complete_177x177_skim,minute,doubly_constrained_gravity_ipf_saved_pa,exp(-beta*drive_free_flow_minutes),0.08,INHERITED_ENGINEERING_ASSUMPTION_NOT_TDM23_CALIBRATED,REGIONAL_PRODUCTION_RATE_ACTIVITY_ATTRACTION_TRANSFER_NOT_OBSERVED_OD,TDM23_TABLE47_LOWER_CURRENT_BLOCK_NONPEAK_MD_PA_AP_FACTORS_APPLIED_WITHOUT_AM_RELABELING,UNION_OF_SAVED_PA_AND_TRANSPOSE_SUPPORT,CLOSED_CORE_SCENARIO_EXTERNAL_TRAVEL_UNKNOWN_NOT_ZERO,behavior_feedback_r1_semantic_fix_r1
h3r9:892a306620fffff,h3r9:892a30661cfffff,HBW,57.6351705238551,4.757437515721096,0.0121762639253792,4.769613779646476,13.02305433333333,existing_gmns_drive_free_flow_complete_177x177_skim,minute,doubly_constrained_gravity_ipf_saved_pa,exp(-beta*drive_free_flow_minutes),0.08,INHERITED_ENGINEERING_ASSUMPTION_NOT_TDM23_CALIBRATED,REGIONAL_PRODUCTION_RATE_ACTIVITY_ATTRACTION_TRANSFER_NOT_OBSERVED_OD,TDM23_TABLE47_LOWER_CURRENT_BLOCK_NONPEAK_MD_PA_AP_FACTORS_APPLIED_WITHOUT_AM_RELABELING,UNION_OF_SAVED_PA_AND_TRANSPOSE_SUPPORT,CLOSED_CORE_SCENARIO_EXTERNAL_TRAVEL_UNKNOWN_NOT_ZERO,behavior_feedback_r1_semantic_fix_r1
h3r9:892a306620fffff,h3r9:892a306630fffff,HBW,63.36758810904927,5.2306141928733645,0.0747482035519164,5.305362396425281,9.586785,existing_gmns_drive_free_flow_complete_177x177_skim,minute,doubly_constrained_gravity_ipf_saved_pa,exp(-beta*drive_free_flow_minutes),0.08,INHERITED_ENGINEERING_ASSUMPTION_NOT_TDM23_CALIBRATED,REGIONAL_PRODUCTION_RATE_ACTIVITY_ATTRACTION_TRANSFER_NOT_OBSERVED_OD,TDM23_TABLE47_LOWER_CURRENT_BLOCK_NONPEAK_MD_PA_AP_FACTORS_APPLIED_WITHOUT_AM_RELABELING,UNION_OF_SAVED_PA_AND_TRANSPOSE_SUPPORT,CLOSED_CORE_SCENARIO_EXTERNAL_TRAVEL_UNKNOWN_NOT_ZERO,behavior_feedback_r1_semantic_fix_r1
h3r9:892a3066273ffff,h3r9:892a306630fffff,HBW,49.20264519888308,4.061383145296606,0.1669910289150798,4.228374174211686,8.859191000000001,existing_gmns_drive_free_flow_complete_177x177_skim,minute,doubly_constrained_gravity_ipf_saved_pa,exp(-beta*drive_free_flow_minutes),0.08,INHERITED_ENGINEERING_ASSUMPTION_NOT_TDM23_CALIBRATED,REGIONAL_PRODUCTION_RATE_ACTIVITY_ATTRACTION_TRANSFER_NOT_OBSERVED_OD,TDM23_TABLE47_LOWER_CURRENT_BLOCK_NONPEAK_MD_PA_AP_FACTORS_APPLIED_WITHOUT_AM_RELABELING,UNION_OF_SAVED_PA_AND_TRANSPOSE_SUPPORT,CLOSED_CORE_SCENARIO_EXTERNAL_TRAVEL_UNKNOWN_NOT_ZERO,behavior_feedback_r1_semantic_fix_r1
h3r9:892a30662bbffff,h3r9:892a30661cbffff,HBW,51.30280528016984,4.234738759046341,0.0390323858239152,4.273771144870256,5.648961999999999,existing_gmns_drive_free_flow_complete_177x177_skim,minute,doubly_constrained_gravity_ipf_saved_pa,exp(-beta*drive_free_flow_minutes),0.08,INHERITED_ENGINEERING_ASSUMPTION_NOT_TDM23_CALIBRATED,REGIONAL_PRODUCTION_RATE_ACTIVITY_ATTRACTION_TRANSFER_NOT_OBSERVED_OD,TDM23_TABLE47_LOWER_CURRENT_BLOCK_NONPEAK_MD_PA_AP_FACTORS_APPLIED_WITHOUT_AM_RELABELING,UNION_OF_SAVED_PA_AND_TRANSPOSE_SUPPORT,CLOSED_CORE_SCENARIO_EXTERNAL_TRAVEL_UNKNOWN_NOT_ZERO,behavior_feedback_r1_semantic_fix_r1
h3r9:892a306630fffff,h3r9:892a306620fffff,HBW,1.0931935701403483,0.0902365700536649,4.332822204544353,4.423058774598018,9.738603666666666,existing_gmns_drive_free_flow_complete_177x177_skim,minute,doubly_constrained_gravity_ipf_saved_pa,exp(-beta*drive_free_flow_minutes),0.08,INHERITED_ENGINEERING_ASSUMPTION_NOT_TDM23_CALIBRATED,REGIONAL_PRODUCTION_RATE_ACTIVITY_ATTRACTION_TRANSFER_NOT_OBSERVED_OD,TDM23_TABLE47_LOWER_CURRENT_BLOCK_NONPEAK_MD_PA_AP_FACTORS_APPLIED_WITHOUT_AM_RELABELING,UNION_OF_SAVED_PA_AND_TRANSPOSE_SUPPORT,CLOSED_CORE_SCENARIO_EXTERNAL_TRAVEL_UNKNOWN_NOT_ZERO,behavior_feedback_r1_semantic_fix_r1
h3r9:892a3066ecbffff,h3r9:892a3066153ffff,HBW,91.81528501744428,7.578800886479923,0.1000044155796854,7.678805302059608,4.5226,existing_gmns_drive_free_flow_complete_177x177_skim,minute,doubly_constrained_gravity_ipf_saved_pa,exp(-beta*drive_free_flow_minutes),0.08,INHERITED_ENGINEERING_ASSUMPTION_NOT_TDM23_CALIBRATED,REGIONAL_PRODUCTION_RATE_ACTIVITY_ATTRACTION_TRANSFER_NOT_OBSERVED_OD,TDM23_TABLE47_LOWER_CURRENT_BLOCK_NONPEAK_MD_PA_AP_FACTORS_APPLIED_WITHOUT_AM_RELABELING,UNION_OF_SAVED_PA_AND_TRANSPOSE_SUPPORT,CLOSED_CORE_SCENARIO_EXTERNAL_TRAVEL_UNKNOWN_NOT_ZERO,behavior_feedback_r1_semantic_fix_r1
h3r9:892a3066ecbffff,h3r9:892a30661cbffff,HBW,100.59459763419504,8.303480467116998,0.0807364267154363,8.384216893832434,5.331682333333332,existing_gmns_drive_free_flow_complete_177x177_skim,minute,doubly_constrained_gravity_ipf_saved_pa,exp(-beta*drive_free_flow_minutes),0.08,INHERITED_ENGINEERING_ASSUMPTION_NOT_TDM23_CALIBRATED,REGIONAL_PRODUCTION_RATE_ACTIVITY_ATTRACTION_TRANSFER_NOT_OBSERVED_OD,TDM23_TABLE47_LOWER_CURRENT_BLOCK_NONPEAK_MD_PA_AP_FACTORS_APPLIED_WITHOUT_AM_RELABELING,UNION_OF_SAVED_PA_AND_TRANSPOSE_SUPPORT,CLOSED_CORE_SCENARIO_EXTERNAL_TRAVEL_UNKNOWN_NOT_ZERO,behavior_feedback_r1_semantic_fix_r1
h3r9:892a3066ecbffff,h3r9:892a30661cfffff,HBW,98.41324249495464,8.123422688503538,0.0345155672400416,8.15793825574358,4.801902333333333,existing_gmns_drive_free_flow_complete_177x177_skim,minute,doubly_constrained_gravity_ipf_saved_pa,exp(-beta*drive_free_flow_minutes),0.08,INHERITED_ENGINEERING_ASSUMPTION_NOT_TDM23_CALIBRATED,REGIONAL_PRODUCTION_RATE_ACTIVITY_ATTRACTION_TRANSFER_NOT_OBSERVED_OD,TDM23_TABLE47_LOWER_CURRENT_BLOCK_NONPEAK_MD_PA_AP_FACTORS_APPLIED_WITHOUT_AM_RELABELING,UNION_OF_SAVED_PA_AND_TRANSPOSE_SUPPORT,CLOSED_CORE_SCENARIO_EXTERNAL_TRAVEL_UNKNOWN_NOT_ZERO,behavior_feedback_r1_semantic_fix_r1
h3r9:892a3066edbffff,h3r9:892a30661cbffff,HBW,97.3856921413706,8.038604572117297,0.0598789095127646,8.098483481630062,5.772099999999999,existing_gmns_drive_free_flow_complete_177x177_skim,minute,doubly_constrained_gravity_ipf_saved_pa,exp(-beta*drive_free_flow_minutes),0.08,INHERITED_ENGINEERING_ASSUMPTION_NOT_TDM23_CALIBRATED,REGIONAL_PRODUCTION_RATE_ACTIVITY_ATTRACTION_TRANSFER_NOT_OBSERVED_OD,TDM23_TABLE47_LOWER_CURRENT_BLOCK_NONPEAK_MD_PA_AP_FACTORS_APPLIED_WITHOUT_AM_RELABELING,UNION_OF_SAVED_PA_AND_TRANSPOSE_SUPPORT,CLOSED_CORE_SCENARIO_EXTERNAL_TRAVEL_UNKNOWN_NOT_ZERO,behavior_feedback_r1_semantic_fix_r1
h3r9:892a3066edbffff,h3r9:892a30661cfffff,HBW,91.2015561839501,7.528141253647979,0.0255987862186753,7.553740039866654,5.788372000000002,existing_gmns_drive_free_flow_complete_177x177_skim,minute,doubly_constrained_gravity_ipf_saved_pa,exp(-beta*drive_free_flow_minutes),0.08,INHERITED_ENGINEERING_ASSUMPTION_NOT_TDM23_CALIBRATED,REGIONAL_PRODUCTION_RATE_ACTIVITY_ATTRACTION_TRANSFER_NOT_OBSERVED_OD,TDM23_TABLE47_LOWER_CURRENT_BLOCK_NONPEAK_MD_PA_AP_FACTORS_APPLIED_WITHOUT_AM_RELABELING,UNION_OF_SAVED_PA_AND_TRANSPOSE_SUPPORT,CLOSED_CORE_SCENARIO_EXTERNAL_TRAVEL_UNKNOWN_NOT_ZERO,behavior_feedback_r1_semantic_fix_r1
